Top queries,Clicks,Impressions,CTR,Position
who do you call to fix a water heater,1,1,100%,1
emergency drain service,0,18831,0%,25.63
emergency plumber,0,4240,0%,24.97
emergency plumbing,0,2357,0%,74.44
24 hour plumber,0,1914,0%,45.76
emergency drain cleaning service,0,1794,0%,42.82
emergency drain cleaning,0,1152,0%,40.96
emergency drain service near me,0,1031,0%,29.03
emergency plumbing services,0,831,0%,44.01
emergency plumber near me,0,670,0%,23.92
emergency hot water heater repair,0,450,0%,87.14
24 hour plumber near me,0,371,0%,43.08
emergency water heater repair,0,369,0%,76.01
plumbing emergency,0,314,0%,45.66
24 hour drain service,0,310,0%,41.71
24 hour drain cleaning service,0,308,0%,52.66
emergency plumbing near me,0,303,0%,25.37
water heater repair,0,297,0%,19.72
emergency plumbing services near me,0,297,0%,47.4
emergency plumbers,0,295,0%,31.44
24 7 plumber,0,279,0%,19.3
emergency plumber chicago,0,248,0%,62.9
24 hour plumbers,0,246,0%,19.6
emergency plumbing chicago,0,231,0%,69.28
chicago emergency plumber,0,221,0%,66.61
emergency plumber dallas,0,196,0%,74.84
emergency plumber los angeles,0,189,0%,77.51
emergency plumber minneapolis,0,168,0%,73.42
belle meade emergency plumber,0,165,0%,55.28
same day plumber,0,164,0%,26.68
24 hour plumbing,0,159,0%,38.18
emergency plumbing repair,0,154,0%,51.58
24 hour plumber san jose,0,153,0%,72.25
emergency plumber phoenix,0,147,0%,51.12
emergency plumber phoenix az,0,145,0%,56.76
24 hour plumbers near me,0,143,0%,27.74
emergency plumber twin cities,0,142,0%,82.15
water heater repair near me,0,135,0%,24.5
emergency plumbing service,0,134,0%,57.87
24 hour drain cleaning service near me,0,132,0%,31.51
dallas emergency plumber,0,126,0%,70.79
emergency plumber seattle,0,126,0%,77.23
emergency plumbing san diego,0,123,0%,68.37
24 hour plumbing service,0,122,0%,32.02
indianapolis emergency sewer repair,0,120,0%,80.53
emergency plumbing los angeles,0,119,0%,81.35
24 7 drain cleaning,0,114,0%,48
emergency plumber san diego,0,113,0%,70.89
24 7 plumber near me,0,111,0%,23.03
24 hr plumbers near me,0,108,0%,58.15
emergency plumber san francisco,0,106,0%,75.05
emergency plumber sacramento,0,98,0%,57.41
los angeles emergency plumbing,0,93,0%,84.54
emergency plumber dallas tx,0,91,0%,73.19
emergency plumber denver,0,91,0%,79.67
plumber emergency service,0,90,0%,29.42
seattle emergency plumbing,0,90,0%,80.29
emergency plumber service,0,89,0%,25.83
emergency plumbers san antonio,0,89,0%,72.42
emergency plumber houston,0,89,0%,78.13
emergency leak repair,0,88,0%,64.92
los angeles emergency plumber,0,87,0%,82.89
emergency plumber milwaukee,0,86,0%,56.36
emergency plumber san jose,0,86,0%,66.93
24 hour plumbing repair,0,84,0%,35.35
emergency plumber san jose ca,0,81,0%,65.44
plumbing emergency services,0,80,0%,28.8
dallas tx emergency plumbing,0,79,0%,75.24
emergency plumbing st louis,0,78,0%,75.54
seattle emergency plumber,0,78,0%,76.74
dallas tx emergency plumber,0,77,0%,72.88
emergency plumbing san francisco,0,76,0%,77.05
24/7 drain cleaning,0,74,0%,29.88
emergency sump pump repair,0,74,0%,54.73
24/7 plumber,0,72,0%,20.68
emergency plumbing sacramento,0,71,0%,60.94
emergency plumber towson md,0,71,0%,64.99
emergency plumber portland,0,71,0%,73.18
emergency plumber rancho bernardo,0,71,0%,81.66
same day plumber near me,0,70,0%,39.51
emergency plumber san antonio tx,0,70,0%,61.2
emergency plumber las vegas,0,69,0%,89.45
emergency water heater replacement,0,68,0%,52.22
emergency plumbing cincinnati,0,68,0%,73.74
dallas tx emergency plumbers,0,67,0%,77.13
phoenix emergency plumber,0,66,0%,45.39
emergency plumbing milwaukee,0,66,0%,55.89
milwaukee emergency plumbing,0,66,0%,57.88
emergency plumber nashville,0,66,0%,68.7
emergency plumber san antonio,0,66,0%,70.95
emergency plumber atlanta,0,66,0%,82.7
seattle 24 hour plumber,0,66,0%,87.74
water heater replacement near me,0,65,0%,22.42
emergency plumbing san jose,0,65,0%,61.91
emergency sewer backup near me,0,64,0%,44.48
24 hour plumber sacramento,0,64,0%,74.05
emergency plumber st louis,0,63,0%,73.7
emergency plumbing phoenix az,0,62,0%,59.97
emergency plumbing dallas,0,61,0%,76.1
plumbing emergency san jose,0,61,0%,76.74
emergency water heater service,0,60,0%,44.62
water heater repair st louis mo,0,59,0%,68.27
24 hour plumber san diego,0,58,0%,75.67
emergency plumber houston tx,0,58,0%,79.66
emergency hot water repair,0,56,0%,52.75
emergency drain repair,0,55,0%,60.73
emergency plumber indianapolis,0,55,0%,68.78
plumbing price list,0,55,0%,83.09
plumbing emergency services near me,0,53,0%,53.11
emergency plumbing seattle,0,52,0%,76.46
water heater service fresno,0,52,0%,78.46
24 hr emergency plumber,0,51,0%,45.71
emergency plumbing services houston,0,51,0%,82.25
emergency plumber cincinnati,0,50,0%,69.36
hot water heater repair near me,0,49,0%,15.9
24 hour plumber cincinnati,0,49,0%,75.47
emergency plumber charlotte,0,49,0%,80.18
emergency plumber rochester ny,0,48,0%,49.83
24 hour plumber atlanta,0,48,0%,67.69
emergency plumbing service near me,0,47,0%,47.68
cincinnati emergency plumbing,0,47,0%,75.62
emergency plumbing denver,0,47,0%,83.45
water heater repair st louis,0,46,0%,71.98
burst pipe plumber,0,46,0%,91.85
plumbing emergency service,0,45,0%,25.42
emergency plumbing dallas tx,0,45,0%,77.16
24 hour plumber houston,0,45,0%,86.4
24 hour plumber seattle,0,44,0%,82.91
fresno water heater replacement,0,44,0%,84.43
24 hour plumber las vegas,0,44,0%,90.55
24 hour plumbing las vegas,0,43,0%,89.05
emergency plumbing services 24 hour,0,42,0%,33.71
24 hr plumber,0,42,0%,34.12
emergency plumbing phoenix,0,42,0%,53.29
drain cleaning emergency,0,42,0%,55.81
milwaukee emergency plumber,0,42,0%,59.95
water heater repair minneapolis,0,42,0%,84.6
hot water heater repair,0,41,0%,13.76
water heater repair elgin,0,41,0%,62.12
seattle water leak repair,0,41,0%,67.17
emergency plumber charlotte nc,0,41,0%,78.76
water heater service,0,40,0%,44.48
24 hour plumber phoenix az,0,40,0%,64.85
24 hour plumber phoenix,0,40,0%,67.83
emergency plumber fort worth tx,0,40,0%,78.4
emergency plumbing atlanta,0,40,0%,85.58
24/7 plumbing services,0,39,0%,28.15
emergency plumber rochester,0,39,0%,54.33
houston tx emergency plumber,0,39,0%,79.23
emergency plumber san diego ca,0,39,0%,89.49
emergency plumber in sacramento,0,38,0%,50.61
emergency plumber denver co,0,38,0%,79.53
emergency plumber in new orleans french quarter,0,37,0%,71.59
emergency plumber services,0,36,0%,24.03
emergency drain services,0,36,0%,60.08
san diego emergency plumber,0,36,0%,71.64
24 hour plumber services,0,35,0%,26.86
emergency plumber sacramento ca,0,35,0%,52.09
24 hour plumber st louis,0,35,0%,74.34
tukwila 24 hour plumber,0,35,0%,81.8
drain cleanout near me,0,34,0%,72.85
24 hour plumber charlotte,0,34,0%,77.94
houston tx emergency plumbers,0,34,0%,83.76
sewer backup plumber,0,34,0%,85.24
plumber,0,33,0%,18.33
drain cleaning near me,0,33,0%,21.58
24 hour plumbing services,0,33,0%,28.94
24 hour emergency plumber,0,33,0%,43.03
24 hour emergency plumbing service near me,0,33,0%,59.27
emergency plumber st louis mo,0,33,0%,61.82
emergency plumbers atlanta,0,33,0%,85.42
phoenix az emergency plumbing,0,32,0%,55.84
san antonio emergency plumber,0,32,0%,59.75
drain plumber,0,32,0%,74.44
emergency plumber philadelphia,0,32,0%,80.03
emergency drain cleaning services,0,31,0%,40.65
emergency plumbing san jose ca,0,31,0%,71.77
emergency plumber pittsburgh,0,31,0%,76.06
emergency plumber reno,0,31,0%,81
emergency plumbing las vegas,0,31,0%,90.45
emergency plumber lowell,0,30,0%,27.9
24 hr plumber near me,0,30,0%,42.37
plumbing emergencies,0,30,0%,74.63
atlanta 24 hour plumber,0,30,0%,76.93
water heater fresno,0,30,0%,84.23
plumbers near me emergency,0,29,0%,31.28
emergency plumbing san antonio,0,29,0%,67.83
water heater repair st. louis,0,29,0%,70.28
emergency plumbers seattle,0,29,0%,79.34
emergency boiler service,0,29,0%,90.76
energency plumber,0,28,0%,25.57
local emergency plumber,0,28,0%,28.29
emergency plumbing company,0,28,0%,35.79
emergency plumber tempe,0,28,0%,45.75
emergency plumbers san jose ca,0,28,0%,52.79
emergency plumber in phoenix,0,28,0%,57.89
24/7 emergency plumbing,0,27,0%,29.3
water heater services near me,0,27,0%,30.48
24 hour emergency plumbing,0,27,0%,39.41
emergency plumber long beach,0,27,0%,55.04
dallas emergency plumbing,0,27,0%,74.74
drain cleaning okc,0,27,0%,81.56
emergency plumber east sacramento,0,26,0%,34.81
emergency heating repairs,0,26,0%,52.85
phoenix az emergency plumbers,0,26,0%,56.42
emergency plumber hammond,0,26,0%,59.38
same day plumber sacramento,0,26,0%,61.38
portland plumber emergency,0,26,0%,69.15
emergency plumber okc,0,26,0%,75.65
24 hour plumber san francisco,0,26,0%,76.65
emergency plumbers near me,0,25,0%,23.48
emergency plumber 24/7,0,25,0%,24.32
fast 24/7 plumbing services,0,25,0%,24.72
water heater plumber near me,0,25,0%,37.44
emergency plumbing baltimore,0,25,0%,63.84
emergency sewer repipe houston,0,25,0%,69.4
emergency plumber in phoenix az,0,25,0%,71
plumbing pricing,0,25,0%,72.52
emergency plumbing charlotte,0,25,0%,78.92
water heater installation fresno,0,25,0%,80.28
denver emergency plumbing,0,25,0%,82.36
plumbing emergency denver,0,25,0%,85.36
emergency plumbing services san diego,0,25,0%,89.44
san diego emergency plumbing,0,24,0%,70.62
24 hour plumbing cincinnati,0,24,0%,75.17
24 hour plumber denver,0,24,0%,76.54
emergency plumber austin,0,24,0%,78.62
emergency boiler service phoenix az,0,24,0%,78.83
emergency plumbing repair houston tx,0,24,0%,79.62
oakley emergency plumber,0,24,0%,85.67
water heater installation in new orleans louisiana,0,24,0%,93.92
emergency plumber northfield,0,23,0%,52
san antonio tx emergency plumbers,0,23,0%,62.74
emergency plumbers in milwaukee,0,23,0%,64.91
san antonio tx emergency plumbing,0,23,0%,70
24 hour plumbing service milwaukee wi,0,23,0%,72.7
houston emergency plumber,0,23,0%,77.78
emergency plumbers denver,0,23,0%,79.78
emergency plumbing austin tx,0,23,0%,81.74
emergency plumber milwaukee wi,0,22,0%,58.64
burst pipe repair houston,0,22,0%,58.82
emergency plumbing services milwaukee,0,22,0%,62.59
san jose emergency plumber,0,22,0%,65.64
emergency drain cleaning st louis mo,0,22,0%,71.23
portland emergency plumber,0,22,0%,71.77
cincinnati emergency plumber,0,22,0%,74.95
emergency plumbing repair mesa az,0,22,0%,77.77
atlanta emergency plumber,0,22,0%,82.09
emergency plumbing citrus heights,0,22,0%,82.82
emergency water leak repair,0,22,0%,91.68
water heater service near me,0,21,0%,23.76
emergency plumber corporal,0,21,0%,40.33
emergency plumbers milwaukee,0,21,0%,57.29
emergency plumber virginia,0,21,0%,69.14
emergency plumber pittsburgh pa,0,21,0%,72.62
water heater replacement brentwood,0,21,0%,72.62
portland oregon emergency plumber,0,21,0%,77.1
emergency plumber jacksonville fl,0,21,0%,77.62
same-day plumber san jose,0,21,0%,82.19
plumber cost,0,21,0%,92.71
heater repair,0,20,0%,10.3
emergency water heater repair st louis,0,20,0%,29.5
24/7 plumber near me,0,20,0%,30.3
plumbers on call,0,20,0%,32.1
emergency plumbing companies,0,20,0%,36
drain cleaning service near me,0,20,0%,37.55
water heater repair service,0,20,0%,50.65
phoenix az emergency plumber,0,20,0%,56.6
emergency plumbing services phoenix,0,20,0%,56.85
emergency plumbing service milwaukee,0,20,0%,64.6
24 hour plumber milwaukee,0,20,0%,65.3
emergency boiler service arizona,0,20,0%,71.9
leak repair plumber,0,20,0%,72
st louis emergency plumber,0,20,0%,72.8
emergency plumber round rock,0,20,0%,76.4
24 hour plumber fort worth,0,20,0%,77.6
emergency plumber fort mitchell,0,19,0%,25.63
hot water heater service near me,0,19,0%,30
plumbing repair,0,19,0%,48.16
emergency toilet plumber,0,19,0%,52
gaithersburg emergency plumber,0,19,0%,63.21
24 hour emergency boiler repair,0,19,0%,63.63
emergency drain plumber,0,19,0%,67.63
pipe burst plumber indianapolis,0,19,0%,71
emergency plumber fort worth,0,19,0%,74
portland or emergency plumber,0,19,0%,75.05
emergency plumber austin tx,0,19,0%,75.84
emergency plumber saint louis,0,19,0%,75.89
oh plumbing repairs,0,19,0%,75.89
emergency sewer service san jose,0,19,0%,76.21
seattle slab leak,0,19,0%,77.47
emergency plumber columbus oh,0,19,0%,78.16
emergency boiler repair phoenix,0,19,0%,80.68
drain cleaning oklahoma city,0,19,0%,81.84
emergency plumber atlanta ga,0,19,0%,82.11
24 hour plumber houston tx,0,19,0%,86.16
emergency plumbing las vegas nv,0,19,0%,87.11
oklahoma city drain cleaning,0,19,0%,87.47
drain service near me,0,18,0%,23.5
water heater repair service near me,0,18,0%,28.11
clogged toilet repair oneida,0,18,0%,34.67
burst pipe fix east sacramento,0,18,0%,40.22
byron water heater,0,18,0%,48.89
emergency plumbing san antonio tx,0,18,0%,51.44
plumber steger,0,18,0%,59.61
tank leak repair san francisco,0,18,0%,67.22
emergency plumber portland or,0,18,0%,67.33
plumbing labor price list,0,18,0%,68.33
emergency plumber santee ca,0,18,0%,71.78
nashville emergency plumber,0,18,0%,72.83
emergency plumbing waxhaw,0,18,0%,75.06
stone oak emergency plumbing repair,0,18,0%,75.89
houston emergency drain cleaning,0,18,0%,82.28
24 hour plumber los angeles,0,18,0%,82.72
24 hour plumber san antonio,0,18,0%,83.61
water heater services,0,17,0%,19.29
hot water heater services near me,0,17,0%,24.76
emergency plumbers 24/7,0,17,0%,28.71
emergency water heater replacement near me,0,17,0%,28.94
24-hour plumbing service,0,17,0%,32.76
burst pipe repair east sacramento,0,17,0%,47
license plumber parkdale,0,17,0%,51.65
emergency plumber gaithersburg md,0,17,0%,66.24
emergency pipe repair indianapolis,0,17,0%,70.47
emergency plumbing fort worth,0,17,0%,70.76
water heater repair new orleans,0,17,0%,72
24 hour plumber portland,0,17,0%,72.06
clogged drain emergency,0,17,0%,72.76
24 hour plumber nashville,0,17,0%,78.06
plumbing emergency seattle,0,17,0%,78.24
emergency plumbing columbus,0,17,0%,80.41
emergency plumber reno nv,0,17,0%,80.76
slab leak repair fort worth tx,0,17,0%,89.06
24 hour emergency plumber san francisco,0,17,0%,95.82
24/7 emergency plumbing services,0,16,0%,18.5
24/7 plumbing service,0,16,0%,27.12
emergency water heater repair near me,0,16,0%,27.56
24 hour plumbing company,0,16,0%,30.5
gas water heater repair near me,0,16,0%,37.31
plumbing emergency near me,0,16,0%,40.81
emergency drain cleaning near me,0,16,0%,51.94
water leak repair near me,0,16,0%,52
24 hour emergency plumber in atlanta ga,0,16,0%,55.94
emergency plumbing leak repair,0,16,0%,56.88
emergency plumber richmond va,0,16,0%,58.06
emergency plumbing in sacramento,0,16,0%,65.19
indianapolis emergency plumber,0,16,0%,65.25
heater repair brentwood,0,16,0%,67
emergency plumber oklahoma city,0,16,0%,68.62
emergency plumber berryessa,0,16,0%,73.19
24 hour plumber austin,0,16,0%,74.25
emergency plumbing portland,0,16,0%,74.81
emergency plumbing repair san antonio,0,16,0%,76.88
houston pipe break repair,0,16,0%,77.12
emergency drain cleaning seattle,0,16,0%,80.06
emergency heating repair chicago,0,16,0%,81.12
oklahoma city emergency plumber,0,16,0%,81.31
"affordable plumbers for leaky faucets in denver, co",0,16,0%,81.88
emergency plumbing matthews,0,16,0%,83.69
emergency plumbing santa clara,0,16,0%,84
burst pipe repair services,0,16,0%,91.19
emergency toilet replacement,0,15,0%,20.67
water heater plumber,0,15,0%,21.73
water heater installation near me,0,15,0%,21.87
emergency plumber contractor,0,15,0%,22.13
tankless water heater repair near me,0,15,0%,31.2
cheap drain cleaning service,0,15,0%,32.67
heating and plumbing repair near me,0,15,0%,37.07
emergency sewer cleaning,0,15,0%,39.8
best drain cleaning service near me,0,15,0%,46
sewer & drain cleaning services,0,15,0%,46.4
drain rescue,0,15,0%,63.6
emergency plumber philly,0,15,0%,67.33
24 hour plumber chicago,0,15,0%,73.33
drain cleaning normal il,0,15,0%,74.87
emergency plumber in portland,0,15,0%,76.6
emergency plumber jacksonville,0,15,0%,78.2
emergency water heater repair seattle,0,15,0%,79.67
emergency plumber lakeway,0,15,0%,83.53
aurora water heater repair,0,15,0%,87.2
emergency plumbing in san diego,0,15,0%,89.93
emergency plumber los angeles ca,0,15,0%,97.33
hot water heater replacement near me,0,14,0%,15.93
plumber near me,0,14,0%,23.43
storm drain cleaning service near me,0,14,0%,28.93
gas water heater service near me,0,14,0%,29.71
24 hours plumbing,0,14,0%,39.21
urgent plumbing service east sacramento,0,14,0%,40.43
24 hr plumbing service near me,0,14,0%,55.07
24 hour emergency plumber near me,0,14,0%,61.07
plumber steamboat springs,0,14,0%,66.43
emergency plumber nashville tn,0,14,0%,66.64
emergency plumber northeast philadelphia,0,14,0%,66.64
minneapolis water heater repair,0,14,0%,68.86
emergency plumber la mesa,0,14,0%,70
emergency plumber in hutchinson ks,0,14,0%,73.86
emergency plumbing fort worth tx,0,14,0%,77.14
plumber doral,0,14,0%,77.71
plumbing sugar land prices,0,14,0%,81.14
24 hour plumber minneapolis,0,14,0%,81.43
emergency plumber cibolo,0,14,0%,81.64
emergency plumbing repair in hutchinson ks,0,14,0%,82.29
emergency plumbers philadelphia,0,14,0%,82.36
fort worth emergency plumber,0,14,0%,83.07
24 hour plumber west houston,0,14,0%,83.29
emergency plumber enumclaw wa,0,14,0%,89.93
plumbing prices,0,14,0%,92
emergency plumbing service indianapolis in,0,14,0%,94.14
emergency plumber?,0,13,0%,9.38
plumbing repair near me,0,13,0%,10.92
clogged drain service,0,13,0%,17.31
water heater service chevy chase,0,13,0%,24
emergency drain call out,0,13,0%,29.23
outdoor drain cleaning service near me,0,13,0%,32.23
checotah pipe break repair,0,13,0%,34.08
emergency plumber maryland,0,13,0%,51
emergency plumber missouri,0,13,0%,54.77
24 hour plumbing service near me,0,13,0%,58.23
pipe breaks houston,0,13,0%,62.85
plumber south holland,0,13,0%,65
minneapolis emergency plumber,0,13,0%,70.92
emergency plumbing virginia,0,13,0%,71.08
plumber parkdale,0,13,0%,73.92
drain repairs winchester,0,13,0%,74
emergency plumbing fair oaks,0,13,0%,77.38
same day plumber seattle,0,13,0%,79.38
24 hour plumber dallas,0,13,0%,80.46
caldwell emergency plumbing,0,13,0%,83
plumbing services,0,12,0%,15
toilet repair,0,12,0%,17.17
water heater replacement,0,12,0%,18.42
emergency plumber roseville,0,12,0%,26.33
local drain cleaning services,0,12,0%,28.92
water heater repair campbell,0,12,0%,46.25
drain cleaning services in my area,0,12,0%,49.75
24 hr plumbing near me,0,12,0%,50.92
plumbing service price list,0,12,0%,58.58
emergency plumber baltimore md,0,12,0%,62.42
24 hr plumbing phoenix,0,12,0%,63.5
best emergency plumber seattle,0,12,0%,68.58
emergency plumber cambrian park,0,12,0%,69.33
emergency plumber south philadelphia,0,12,0%,71.08
emergency plumbing repair cincinnati,0,12,0%,73.58
burst pipe plumber nashville tn,0,12,0%,74
emergency plumbing indianapolis in,0,12,0%,74.58
emergency plumber marion indiana,0,12,0%,75.25
plumber austell ga,0,12,0%,75.67
emergency plumber lynwood,0,12,0%,76.42
emergency plumber tulsa,0,12,0%,76.5
24 hour plumber nyc,0,12,0%,77.5
emergency plumber north san jose,0,12,0%,77.75
emergency plumber travis heights,0,12,0%,78.42
emergency plumbing round rock,0,12,0%,78.67
water heater repair kansas city,0,12,0%,79.92
clackamas emergency plumbing,0,12,0%,80.67
emergency plumber seattle wa,0,12,0%,82.08
heater repair elgin,0,12,0%,83.08
plumbing cost,0,12,0%,83.83
24/7 plumber service,0,11,0%,20
emergency plumber san tomas,0,11,0%,22.09
emergency plumber fresno,0,11,0%,25.45
plumber emergency near me,0,11,0%,27.09
tankless water heater service near me,0,11,0%,29.82
blocked drain plumber near me,0,11,0%,32.73
24/7 sewer and drain,0,11,0%,33.91
24 hour plumber service,0,11,0%,34.64
emergency plumber sacramento county,0,11,0%,35
emergency faucet repair,0,11,0%,35.36
emergency services plumbing,0,11,0%,36.73
plumbers near me 24 hours,0,11,0%,37.45
drain cleaning services near me,0,11,0%,40.27
phoenix emergency plumbing,0,11,0%,44.82
sump pump repair rockford il,0,11,0%,47.45
emergency plumber baltimore,0,11,0%,49.09
plumbing price,0,11,0%,51.27
emergency plumber san marcos,0,11,0%,53
sacramento emergency plumber,0,11,0%,60.36
checotah faucet repair,0,11,0%,64.27
garbage disposal repair las vegas,0,11,0%,72.64
water heater repair fresno,0,11,0%,73.82
leak repair services seattle wa,0,11,0%,74.18
plumber carefree,0,11,0%,75.36
emergency plumber halls tn,0,11,0%,75.64
emergency plumbing seattle wa,0,11,0%,76.64
emergency plumbing services san francisco,0,11,0%,76.82
austin emergency plumber,0,11,0%,77.73
emergency plumbing repair in elizabethtown ky,0,11,0%,78
emergency plumbing services dallas,0,11,0%,78.18
same day drain cleaning seattle,0,11,0%,78.73
emergency plumbing houston,0,11,0%,78.91
emergency plumber columbus,0,11,0%,79.09
burst pipe repair sacramento,0,11,0%,79.36
emergency drain repair san jose,0,11,0%,79.64
emergency plumber nyc,0,11,0%,80.36
emergency plumbing services dallas tx,0,11,0%,80.73
emergency plumbing repair los angeles,0,11,0%,81.18
water heater repair cleveland oh,0,11,0%,82.09
emergency plumbing services los angeles,0,11,0%,82.27
plumbers price list,0,11,0%,82.73
emergency plumbing leak mountain island lake nc,0,11,0%,85
24 hour plumber east oak lane,0,11,0%,87.09
after hours plumber seattle,0,11,0%,88.45
clogged drain emergencydrain cleaning,0,11,0%,88.91
emergency plumbing repair las vegas,0,11,0%,88.91
sewer line repair,0,10,0%,11.3
plumbing service,0,10,0%,18.1
24 hour plumbing near me,0,10,0%,29
copper pipe repair isleton,0,10,0%,29.5
emergency plumbing contractor,0,10,0%,30.7
french drain cleaning service near me,0,10,0%,35.6
emergency plumber tustin,0,10,0%,36.5
emergency plumbers san antonio tx,0,10,0%,45.5
24 hr emergency plumber near me,0,10,0%,48.9
water heater repair salinas,0,10,0%,49.5
buckeye az emergency plumber,0,10,0%,49.8
emergency plumber fishtown,0,10,0%,50.1
leak repair services,0,10,0%,51.1
24 hour plumbing services near me,0,10,0%,62.6
emergency plumbing services oklahoma city ok,0,10,0%,63.8
drain cleaning concord nc,0,10,0%,64.6
contractor plumbing labor price list,0,10,0%,66.5
plumber canyon lake ca,0,10,0%,66.8
plumbing emergency service near me,0,10,0%,69.7
memorial city pipe break repair,0,10,0%,70.1
palmetto bay plumbing,0,10,0%,70.9
drain clearing service oklahoma city ok,0,10,0%,71.5
emergency plumber indiana,0,10,0%,72.1
solana beach plumber,0,10,0%,72.1
portland emergency plumbing,0,10,0%,73
plumbing service price guide,0,10,0%,75.2
emergency plumbing services sacramento,0,10,0%,75.6
water heater service st louis mo,0,10,0%,76.9
okc emergency plumber,0,10,0%,77.2
24 hour plumber snyder,0,10,0%,78.3
toilet repair tulsa,0,10,0%,78.5
plumbing services prices,0,10,0%,80.9
charlotte emergency plumbing,0,10,0%,81.9
houston tx emergency plumbing,0,10,0%,82
emergency plumbing services philadelphia,0,10,0%,82.2
pipe leak repair charlotte nc,0,10,0%,83.2
emergency plumbing philadelphia,0,10,0%,83.3
burst pipe repair sacramento ca,0,10,0%,83.9
emergency plumbing services charlotte,0,10,0%,84.3
24 hour plumber columbus,0,10,0%,87.2
emergency plumbing services atlanta,0,10,0%,89.5
atlanta plumber for burst pipe emergencies,0,10,0%,93.5
plumbing service in california,0,10,0%,94.2
normandy park emergency plumber,0,10,0%,94.8
affordable plumber in atlanta for emergencies,0,10,0%,98.5
24 hour water heater repair,0,9,0%,13.33
24/7 emergency plumber near me,0,9,0%,13.67
24 hour drain cleaning,0,9,0%,16.33
water heater replacement in kingman ks,0,9,0%,20.44
leak repair near me,0,9,0%,25.11
local plumber isleton,0,9,0%,29
24 7 plumbers near me,0,9,0%,31.11
plumber emergency,0,9,0%,33.33
plumber same day service,0,9,0%,36.44
checotah water line repair,0,9,0%,38.44
drain cleaning forest view,0,9,0%,40.56
local plumber,0,9,0%,41.33
heater replacement new orleans la,0,9,0%,48.33
24 hour plumber indianapolis,0,9,0%,49.33
emergency plumber in fresno,0,9,0%,49.67
"water quality testing deer grove, il",0,9,0%,50
24 hour emergency plumbing near me,0,9,0%,50.89
emergency plumber long beach ca,0,9,0%,52.78
plumbing services roscoe,0,9,0%,53
emergency plumber memorial city,0,9,0%,54.89
water leak repair las vegas,0,9,0%,56.22
san antonio tx emergency plumber,0,9,0%,56.44
emergency plumber chicago il,0,9,0%,58.56
emergency plumber in chicago,0,9,0%,58.56
emergency plumbing repair near me,0,9,0%,60.56
emergency water heater repair milwaukee wi,0,9,0%,61.44
emergency plumber san diego county,0,9,0%,63.33
plumber maitland fl,0,9,0%,66
long beach emergency plumber,0,9,0%,66.22
emergency plumber north philadelphia,0,9,0%,69
sewer backup plumber sacramento ca,0,9,0%,69.56
emergency plumber carson valley,0,9,0%,70.11
doral plumber,0,9,0%,71.44
sewer line repair elk grove,0,9,0%,71.56
emergency plumber murrieta ca,0,9,0%,73.56
emergency plumber mesa az,0,9,0%,75
emergency plumbing services indianapolis,0,9,0%,75.11
24 hour sewer service,0,9,0%,75.78
emergency plumber in usa,0,9,0%,75.89
24 hour plumbing austin,0,9,0%,76.56
emergency plumbing services nyc,0,9,0%,77.67
plumber plumbing labor price list,0,9,0%,78.33
plumbing emergencies san antonio,0,9,0%,79.11
charlotte emergency plumber,0,9,0%,79.33
emergency plumbing columbus oh,0,9,0%,79.33
water leak repair jacksonville fl,0,9,0%,79.89
emergency plumber palm beach,0,9,0%,80
plumbing services price list,0,9,0%,81
slab leak repair jacksonville fl,0,9,0%,81.33
emergency plumber buckley wa,0,9,0%,81.67
emergency plumbing austin,0,9,0%,82
nicholasville plumber,0,9,0%,82.22
trenchless pipe repair parkdale,0,9,0%,84.89
emergency drain and plumbing,0,9,0%,86.78
pepper pike plumber,0,9,0%,88.33
broken plumbing pipe repair charlotte,0,9,0%,89.44
drain repair parkdale,0,9,0%,91.11
24 7 plumber milwaukee wi,0,9,0%,92.11
las vegas emergency plumbing,0,9,0%,92.78
repiping jeffersonville,0,8,0%,11.75
clogged drain service near me,0,8,0%,15.88
24 7 plumber service,0,8,0%,19.62
main water line repair greenwood ar,0,8,0%,20.25
24/7 emergency plumbers,0,8,0%,20.75
plumbing 24 hr,0,8,0%,24.38
drain cleaning service,0,8,0%,28.75
emergency plumbing repair smiths grove ky,0,8,0%,31.5
water heater repairs near me,0,8,0%,33.88
garbage disposal repair,0,8,0%,34.75
emergency plumber washington,0,8,0%,35.62
residential emergency plumber phoenix,0,8,0%,35.75
plumbing leak repair,0,8,0%,37.38
emergency plumbers 24 hours,0,8,0%,37.5
sewer and drain emergency services,0,8,0%,40.25
water heater repair auburn,0,8,0%,40.5
same day drain cleaning,0,8,0%,40.75
atlanta burst pipe repair free quote,0,8,0%,42.5
drain connection oneida,0,8,0%,44.5
24 hour toilet plumber near me,0,8,0%,45.88
buckeye az emergency plumbing,0,8,0%,46.62
24-hour plumber,0,8,0%,49.12
sump pump installation crystal lake il,0,8,0%,54.5
plumbing service 24 hour,0,8,0%,56
emergency plumber poway ca,0,8,0%,58.75
johnsburg plumbing,0,8,0%,60.5
plumbing leak repair san francisco,0,8,0%,61.12
emergency plumbing del mar,0,8,0%,67
emergency plumber nevada,0,8,0%,68.12
emergency leak repair los angeles ca,0,8,0%,69.25
emergency plumber manayunk,0,8,0%,69.88
emergency plumbing indianapolis,0,8,0%,70.75
emergency plumbing repair in sacramento ca,0,8,0%,74
whole house repipe cost houston,0,8,0%,74.25
jacksonville emergency plumber,0,8,0%,74.5
emergency plumber in elizabethtown ky,0,8,0%,76.12
emergency plumber columbus ohio,0,8,0%,76.38
same day plumber sacramento ca,0,8,0%,77
emergency plumbing pittsburgh,0,8,0%,77.62
same day plumbing service san antonio,0,8,0%,77.62
24 hour plumber north dallas,0,8,0%,78.25
emergency plumbing snyder,0,8,0%,79.75
miami lakes plumbers,0,8,0%,80
plumber for water heater repair,0,8,0%,81.12
24 hour plumber philadelphia,0,8,0%,81.5
houston emergency plumbing repair,0,8,0%,81.88
24 hour plumber columbus ohio,0,8,0%,82.25
white center emergency plumber,0,8,0%,82.38
24 hour plumber jacksonville,0,8,0%,82.75
sump pump installation rockford,0,8,0%,82.88
24 hour plumber jacksonville fl,0,8,0%,83.62
24 hour plumber reno,0,8,0%,84.38
emergency burst pipe repair,0,8,0%,84.5
emergency plumbing services nashville,0,8,0%,84.62
emergency plumbing services seattle,0,8,0%,85.5
austin emergency heating repair,0,8,0%,86.75
water heater repair durham nc,0,8,0%,88.75
drain clearing baltimore md,0,8,0%,89.38
emergency plumbing san diego ca,0,8,0%,89.75
sink leak repair charlotte nc,0,8,0%,92.88
plumbing leaks charlotte nc,0,8,0%,94.25
plumbing emergency las vegas,0,8,0%,94.88
broken pipes burns harbor,0,7,0%,6.86
burst pipe fix galt,0,7,0%,15.71
water softener repair,0,7,0%,15.86
drain cleaning,0,7,0%,18.29
24/7 plumbing near me,0,7,0%,19.57
local toilet repair,0,7,0%,25.43
plumber 24 hour service,0,7,0%,25.71
kansascityemergencyplumber.com,0,7,0%,26
plumbers emergency,0,7,0%,29.57
plumbers slab leak repair,0,7,0%,29.71
emergency plumber ashrama,0,7,0%,29.86
emergency plumbing repair service,0,7,0%,30.43
plumber capitola,0,7,0%,30.57
residential drain cleaning services,0,7,0%,30.57
tankless water heater repair cedar bluff,0,7,0%,31.57
fast response toilet repair maitland,0,7,0%,32.14
24 hr plumber service,0,7,0%,32.57
water heater installation bowling green,0,7,0%,32.57
emergency plumber regency park,0,7,0%,32.71
plumbers oilton ok,0,7,0%,33.86
emergency plumber florence,0,7,0%,35.71
emergency plumbing long beach,0,7,0%,36.14
norman sump pump repair,0,7,0%,36.57
after hours plumber near me,0,7,0%,36.86
emergency plumbing and drain,0,7,0%,37.57
emergency plumber isleton,0,7,0%,38.14
garbage disposal repair near me,0,7,0%,39.29
emergency plumber encinitas,0,7,0%,42
sewer line repair near me,0,7,0%,42.57
emergency plumber buckeye,0,7,0%,43.29
excavation problem parkdale,0,7,0%,44.57
emergency plumbing services san antonio,0,7,0%,48.86
24 hours plumber near me,0,7,0%,50.29
24 hour sewer repair,0,7,0%,52.14
slab leak repair denver co,0,7,0%,52.29
emergency plumber services near me,0,7,0%,52.57
sump pump repair richmond va,0,7,0%,53.14
emergency plumber kennesaw,0,7,0%,54.43
slab leak repair columbus oh,0,7,0%,55.43
plumber hays,0,7,0%,55.71
24 hour plumbing services east dallas tx,0,7,0%,56.29
"emergency plumber san marcos, ca",0,7,0%,56.86
emergency plumber detroit,0,7,0%,58.57
24/7 plumber weymouth,0,7,0%,59.29
faucet repair las vegas,0,7,0%,60.29
emergency plumber mission viejo,0,7,0%,61.14
plumber moro or,0,7,0%,62.57
water heater installation crown point,0,7,0%,63.43
leak repair indianapolis,0,7,0%,63.71
plumbing price sheet,0,7,0%,64.43
flooded house plumber sacramento ca,0,7,0%,66.71
24hr drain service,0,7,0%,69.14
emergency boiler repair az,0,7,0%,69.29
emergency plumber melbourne,0,7,0%,70.29
plumber satellite beach fl,0,7,0%,70.29
emergency sewer service,0,7,0%,70.57
sewer line repair concord nc,0,7,0%,71.43
emergency plumber company phoenix az,0,7,0%,72.14
emergency plumber plano tx,0,7,0%,72.29
milwaukee 24/7 plumbing,0,7,0%,72.29
emergency plumber south gate ca,0,7,0%,72.71
"24/7 emergency plumbing repairs in kenner, la",0,7,0%,73.14
commercial water heater repair in manteca,0,7,0%,73.14
emergency plumber san fernando valley,0,7,0%,73.29
24-hour plumber denver,0,7,0%,73.43
emergency plumber indianapolis in,0,7,0%,74
emergency plumber virginia beach,0,7,0%,74
emergency plumbing charlotte nc,0,7,0%,74.86
drain cleaning temecula ca,0,7,0%,75
emergency plumbing nashville tn,0,7,0%,75
burst pipe repair,0,7,0%,75.43
emergency plumbing services new york,0,7,0%,76.14
24 hour plumbing charlotte,0,7,0%,76.29
emergency plumbing washington,0,7,0%,76.43
24 hour plumber austin tx,0,7,0%,77.29
emergency plumber jacksonville beach fl,0,7,0%,77.57
emergency plumbing leak monroe nc,0,7,0%,78
emergency plumbers indianapolis,0,7,0%,78.43
burst pipe repair charlotte nc,0,7,0%,78.86
emergency plumber in nashville,0,7,0%,78.86
24 hour plumber fort worth tx,0,7,0%,79.14
emergency plumbing columbus ohio,0,7,0%,79.43
plumbing services in usa,0,7,0%,79.43
emergency plumber arden-arcade,0,7,0%,80
24 hour plumber dallas tx,0,7,0%,80.14
commercial water heater installation in manteca,0,7,0%,80.14
heating maintenance spanish fort alabama,0,7,0%,80.29
plumber mableton ga,0,7,0%,81.29
emergency plumbing service san antonio,0,7,0%,82
emergency plumber tacoma,0,7,0%,83
slab leak repair fort worth,0,7,0%,83.43
plumbing emergency los angeles,0,7,0%,83.57
emergency plumber ponte vedra beach fl,0,7,0%,83.86
plumbing service in usa,0,7,0%,84.29
emergency plumbing services baltimore md,0,7,0%,84.71
emergency plumber cibolo tx,0,7,0%,84.86
atlanta emergency plumbing,0,7,0%,86.14
precio de plomero los angeles,0,7,0%,86.14
water heater repair durham,0,7,0%,86.29
emergency plumber lake worth,0,7,0%,86.57
water heater replacement ashland,0,7,0%,88
boiler repair schaumburg il,0,7,0%,88.29
drain cleaning mesa az,0,7,0%,89.86
plumbing estimates,0,7,0%,90.86
emergency plumbers las vegas,0,7,0%,92.14
emergency plumber helotes,0,7,0%,95.43
emergency plumber in los angeles,0,7,0%,96.57
24 hour plumber san diego ca,0,7,0%,97.29
devol drain,0,6,0%,6.83
24 hour drain cleaning near me,0,6,0%,9.17
drain cleaning companies near me,0,6,0%,11.33
same day plumber elwood,0,6,0%,16.67
24/7 plumbing service near me,0,6,0%,19
plumbers near me,0,6,0%,20.17
plumbing emergency service 24 hours,0,6,0%,20.5
plumber lily lake,0,6,0%,20.67
home repiping rogers ar,0,6,0%,22.83
emergency drain cleaning hillside,0,6,0%,23.67
24 7 emergency plumbing,0,6,0%,24.33
water heater repair loomis,0,6,0%,25
emergency toilet repair services winter park,0,6,0%,27
24/7 plumber fort mitchell,0,6,0%,27.5
emergency plumber hazel crest,0,6,0%,27.5
emergency plumber portage,0,6,0%,31.17
24 7 emergency plumber,0,6,0%,32.33
water heater repair townsend,0,6,0%,33
plumber trout valley il,0,6,0%,35
drain cleaning services,0,6,0%,36.67
shower leaking madisonville ky,0,6,0%,37
water heater repair austell ga,0,6,0%,37.17
water heater replacement salinas,0,6,0%,37.33
water heater installation pacific grove,0,6,0%,40.33
cheap drain cleaning services near me,0,6,0%,47.33
emergency plumber morgan hill,0,6,0%,47.67
repiping in rogers ar,0,6,0%,48.33
sump pump repair crystal lake il,0,6,0%,48.67
fire protection plumber jobs near me,0,6,0%,48.83
24 hrs plumber,0,6,0%,49
plumber 24 7 near me,0,6,0%,50
emergency plumber service near me,0,6,0%,51.17
drain cleaning carson city,0,6,0%,52.33
emergency plumber flagstaff,0,6,0%,52.83
emergency drainage company,0,6,0%,53.17
emergency plumber santa clarita,0,6,0%,54.5
emergency plumber delray beach,0,6,0%,56.5
pipe breaks checotah,0,6,0%,56.67
emergency plumber antioch il,0,6,0%,58
plumbing 24 hours,0,6,0%,58
emergency plumbing contractor pittsburgh pa,0,6,0%,59
emergency plumber poway,0,6,0%,59.33
water heater installation salinas,0,6,0%,59.5
emergency plumber carrollton ga,0,6,0%,59.67
plumbing leak repair west charlotte,0,6,0%,59.83
24 hour emergency plumbing service,0,6,0%,60
emergency plumber brentwood ca,0,6,0%,61
emergency plumber chicago illinois,0,6,0%,61.33
emergency plumber near me 24 7,0,6,0%,61.33
24 hour plumber detroit,0,6,0%,62.5
24 hour plumber rockford,0,6,0%,63.83
emergency plumber plant city fl,0,6,0%,64.5
emergency plumber hoover al,0,6,0%,64.67
emergency plumber rockford,0,6,0%,64.67
emergency plumber white marsh md,0,6,0%,64.83
after hours plumber carrollton ga,0,6,0%,65.5
emergency plumber chula vista,0,6,0%,65.83
emergency plumbing service east dallas tx,0,6,0%,65.83
licensed plumber in kingman ks,0,6,0%,66.17
emergency plumber cocoa fl,0,6,0%,66.33
crystal lake plumber,0,6,0%,66.5
leak repair seattle,0,6,0%,66.83
plumbers in perry florida,0,6,0%,67.17
emergency plumber rancho cucamonga,0,6,0%,67.83
chicago emergency plumbers,0,6,0%,68.33
emergency plumber scottsdale,0,6,0%,68.33
plumber 24 hrs near me,0,6,0%,69
slab leak repair indianapolis,0,6,0%,69
milwaukee 24/7 plumber,0,6,0%,69.17
drain cleaning wayzata mn,0,6,0%,69.33
emergency plumber southwest philadelphia,0,6,0%,69.33
emergency plumber laguna niguel,0,6,0%,69.5
24/7 water heater repair in san antonio,0,6,0%,70.5
emergency plumber plano,0,6,0%,70.5
emergency plumber cincinnati oh,0,6,0%,70.67
emergency plumber huntington beach ca,0,6,0%,70.67
emergency plumber murrieta,0,6,0%,70.83
24/7 plumbing milwaukee,0,6,0%,71
drain cleaning miami lakes,0,6,0%,71
water heater installation monterey,0,6,0%,71.33
water heater replacement monterey,0,6,0%,71.83
plumber solana beach ca,0,6,0%,72
24 hour drain,0,6,0%,72.17
indiana emergency plumber,0,6,0%,72.83
plumber cooper city,0,6,0%,73.33
24 hour plumber new york,0,6,0%,73.83
emergency plumber apache junction,0,6,0%,73.83
emergency plumbing repair san jose ca,0,6,0%,73.83
sewer line repair melbourne fl,0,6,0%,73.83
emergency plumber travis county tx,0,6,0%,74
emergency plumbing repair in kingman ks,0,6,0%,74
philadelphia emergency plumber,0,6,0%,74.5
emergency plumber ballard,0,6,0%,74.67
san francisco emergency plumber,0,6,0%,75
same day plumber daytona,0,6,0%,75.33
urgent toilet fix oviedo,0,6,0%,76
24 7 emergency plumbing service,0,6,0%,76.33
plumber rockledge fl,0,6,0%,76.5
emergency plumber durham nc,0,6,0%,76.67
plumbing quote cost,0,6,0%,76.67
"affordable plumbers for broken pipes in denver, co",0,6,0%,77
sump pump repair wichita ks,0,6,0%,77.17
plumber ohio,0,6,0%,77.5
24 hour plumber charlotte nc,0,6,0%,77.83
burst pipe plumber san antonio,0,6,0%,78
water heater repair in manteca,0,6,0%,78.5
plumber los angeles 24 hours,0,6,0%,78.67
leak repair charlotte nc,0,6,0%,79.67
emergency plumber heiskell tn,0,6,0%,80.5
24 hour emergency plumbing indianapolis,0,6,0%,80.67
emergency drain service indianapolis,0,6,0%,80.83
water heater repair kingston,0,6,0%,80.83
emergency plumber snyder,0,6,0%,81
emergency water heater repair charlotte,0,6,0%,81.33
white center 24 hour plumber,0,6,0%,82.17
emergency plumbing repair houston,0,6,0%,82.5
emergency plumbing fishers,0,6,0%,84.33
plumbing emergency services san antonio,0,6,0%,84.5
emergency plumber in seattle,0,6,0%,85.67
drain cleaning tulsa,0,6,0%,86.17
emergency plumber schertz,0,6,0%,86.5
water heater repair minneapolis mn,0,6,0%,87
water heater repair ashland,0,6,0%,87.67
drain cleaner rockford,0,6,0%,88
emergency plumber cedar park,0,6,0%,88.17
las vegas emergency plumber,0,6,0%,88.33
galway emergency plumbing,0,6,0%,89.5
la crosse water heater repair,0,6,0%,89.5
24 hour plumbing repairs fort worth,0,6,0%,90.17
24 hour plumbing service san antonio,0,6,0%,91.5
plumber lyons,0,6,0%,92.67
seatac airport 24 hour plumber,0,6,0%,93
water heater replacement china grove,0,6,0%,94.5
plumber medina mn,0,6,0%,94.83
water leak emergency,0,6,0%,95
24 hour plumber san joaquin county,0,5,0%,7.2
water heater repair fisher,0,5,0%,11
slab leak repair carson city,0,5,0%,11.2
water heater replacement frankton,0,5,0%,14.2
water heater repair port wentworth,0,5,0%,15
toilet plumbers,0,5,0%,16.8
plumbing repair fanning springs,0,5,0%,17.4
garbage disposal repair elko nv,0,5,0%,18.6
24/7 plumbing,0,5,0%,20.6
plumbing services near me,0,5,0%,20.8
drain cleaning chevy chase,0,5,0%,22.8
urgent plumber near me,0,5,0%,22.8
drain cleaning nunn,0,5,0%,23
urgent plumber,0,5,0%,24.2
plumbers 24 hour,0,5,0%,24.6
urgent toilet fix winter park,0,5,0%,25.8
plumbing drain cleaning services,0,5,0%,26.4
emergency plumber east dundee,0,5,0%,27.6
emergency drain cleaning indian head park,0,5,0%,27.8
water heater replacement colfax,0,5,0%,28
toilet leak oneida,0,5,0%,30
emergency response plumbing,0,5,0%,31.2
after hours plumbing repair isleton,0,5,0%,31.6
whole home repiping overland park,0,5,0%,31.8
emergency drain cleaning dixmoor,0,5,0%,32.8
water heater service chatham,0,5,0%,32.8
emergency plumber dolton,0,5,0%,33
fast response toilet repair st. cloud,0,5,0%,33
drain cleaning 24/7,0,5,0%,33.2
repiping rochester,0,5,0%,33.6
clogged drain plumber near me,0,5,0%,34
plumbers emergency near me,0,5,0%,34
emergency plumber in kingsburg,0,5,0%,35.2
water heater repair services,0,5,0%,35.2
water heater replacement bowling green,0,5,0%,35.2
emergency plumber little pocket,0,5,0%,36.8
toilet repair henderson ky,0,5,0%,37
water heater repair bowling green,0,5,0%,37.2
emergency plumber local,0,5,0%,37.4
water line repair galt,0,5,0%,37.8
boiler heating system repair near me,0,5,0%,39.8
24-hour plumbers near me,0,5,0%,40
emergency plumbers micanopy,0,5,0%,40.4
water heater replacement loomis,0,5,0%,41
emergency plumbing company near me,0,5,0%,41.2
emergency plumber alsip,0,5,0%,41.4
drain service,0,5,0%,41.6
plumber near me emergency,0,5,0%,42.6
emergency plumbing in san jose,0,5,0%,45.2
emergency plumbers phoenix,0,5,0%,46.8
emergency drainage plumber,0,5,0%,47.2
emergency plumber fayetteville ga,0,5,0%,48.4
water heater repairman near me,0,5,0%,48.4
emergency plumbing services san jose,0,5,0%,49.6
emergency plumbing repair sacramento,0,5,0%,50
emergency plumber minden,0,5,0%,50.2
san jose emergency plumbing,0,5,0%,50.4
plumbing service 24/7,0,5,0%,53.6
24-hour plumber san jose,0,5,0%,54.6
water heater repair fountain hills,0,5,0%,56.2
emergency leak service,0,5,0%,58.4
emergency plumber los altos,0,5,0%,58.4
24 hour residential plumber phoenix az,0,5,0%,58.6
faucet repair melbourne,0,5,0%,59.2
emergency commercial plumber olathe ks,0,5,0%,59.4
emergency plumber concord nc,0,5,0%,59.6
sewer line replacement snyder,0,5,0%,60.4
emergency plumbing milwaukee county,0,5,0%,61
"emergency plumber vista, ca",0,5,0%,61.2
emergency plumber claremore ok,0,5,0%,61.4
affordable emergency plumber chicago burst pipe,0,5,0%,62.4
certified plumber in kingman ks,0,5,0%,63
emergency plumber port richmond,0,5,0%,63.2
"emergency plumbing san antonio, tx",0,5,0%,63.2
slab leak repair seattle,0,5,0%,63.2
plumbers perry fl,0,5,0%,63.4
emergencyplumbersmilwaukee.com,0,5,0%,63.6
plumber cherry hills village co,0,5,0%,64
emergency plumber las vegas nv,0,5,0%,64.2
emergency plumber columbus ga,0,5,0%,64.6
emergency leak services san francisco,0,5,0%,64.8
emergency plumber napa ca,0,5,0%,64.8
plumbing leak detection near me,0,5,0%,65.4
emergency plumbing richmond va,0,5,0%,66
plumbing repair spanish fort al,0,5,0%,66.2
drain cleaning services in bloomington il,0,5,0%,66.6
plumbing repair estimates austin,0,5,0%,67.6