URL,Last crawled
https://yohomefix.com/areas/cambridge/02138/emergency,2026-08-05
https://yohomefix.com/areas/odin/56160/drain-cleaning,2026-08-05
https://yohomefix.com/areas/white-bird/83530/water-heater-repair,2026-08-05
https://yohomefix.com/areas/oakley/84036/sump-pump-repair,2026-08-05
https://yohomefix.com/areas/arden/19809/water-line-repair,2026-08-05
https://yohomefix.com/plumber-st.-charles-sump-pump-repair,2026-08-05
https://yohomefix.com/plumber-atlanta-sump-pump-repair,2026-08-05
https://yohomefix.com/areas/acworth/30189/faucet-repair,2026-08-05
https://yohomefix.com/areas/hinckley/55037/faucet-repair,2026-08-05
https://yohomefix.com/plumber-cajah's-mountain-water-line-repair,2026-08-05
https://yohomefix.com/areas/mooreton/58081/pipe-burst-repair,2026-08-05
https://yohomefix.com/areas/st.-augusta/55329/garbage-disposal-repair,2026-08-05
https://yohomefix.com/areas/labelle/33905/water-heater-repair,2026-08-05
https://yohomefix.com/areas/smyrna/19938/slab-leak-repair,2026-08-05
https://yohomefix.com/areas/st.-joseph,2026-08-05
https://yohomefix.com/areas/channahon/60404/leak-repair,2026-08-05
https://yohomefix.com/plumber-hartwell-sump-pump-repair,2026-08-05
https://yohomefix.com/areas/center/58571/leak-repair,2026-08-05
https://yohomefix.com/areas/marion/57043/sump-pump-repair,2026-08-05
https://yohomefix.com/areas/hatch/84718/sewer-line-repair,2026-08-05
https://yohomefix.com/areas/odin/56160/sump-pump-repair,2026-08-05
https://yohomefix.com/areas/ansonville/28135/toilet-repair,2026-08-05
https://yohomefix.com/areas/custer/49449/whole-house-repiping,2026-08-05
https://yohomefix.com/areas/hollywood/35772/water-heater-repair,2026-08-05
https://yohomefix.com/areas/oglethorpe/31057/emergency,2026-08-05
https://yohomefix.com/areas/mandan/58504/drain-cleaning,2026-08-05
https://yohomefix.com/areas/harpersville/35147/emergency,2026-08-05
https://yohomefix.com/areas/florala/36420/water-heater-repair,2026-08-05
https://yohomefix.com/areas/leamington/84640/sewer-line-repair,2026-08-05
https://yohomefix.com/areas/oak-hill/37220/emergency,2026-08-05
https://yohomefix.com/areas/lexington/48450/whole-house-repiping,2026-08-05
https://yohomefix.com/areas/loraine/62349/garbage-disposal-repair,2026-08-05
https://yohomefix.com/areas/marion/57043/sewer-line-repair,2026-08-05
https://yohomefix.com/areas/atlantic-beach/28557/pipe-burst-repair,2026-08-05
https://yohomefix.com/areas/lindsay/68644/leak-repair,2026-08-05
https://yohomefix.com/areas/newark/19716/main-water-shutoff-valve-repair,2026-08-05
https://yohomefix.com/areas/waterloo/35634/emergency,2026-08-05
https://yohomefix.com/areas/crescent/51526/garbage-disposal-repair,2026-08-05
https://yohomefix.com/areas/acworth/30064/faucet-repair,2026-08-05
https://yohomefix.com/areas/crescent/51526/sump-pump-repair,2026-08-05
https://yohomefix.com/areas/oak-hill/37220/drain-cleaning,2026-08-05
https://yohomefix.com/areas/wentworth/57075/toilet-repair,2026-08-05
https://yohomefix.com/areas/mooresboro/28040/garbage-disposal-repair,2026-08-05
https://yohomefix.com/plumber-east-st.-louis-faucet-repair,2026-08-05
https://yohomefix.com/areas/loretto/15940/emergency,2026-08-05
https://yohomefix.com/areas/stockholm/57263/drain-cleaning,2026-08-05
https://yohomefix.com/areas/scotia/12302/water-line-repair,2026-08-05
https://yohomefix.com/areas/lehr/58440/water-heater-repair,2026-08-05
https://yohomefix.com/areas/caraway/72354/sewer-line-repair,2026-08-05
https://yohomefix.com/areas/lindsay/68644/water-heater-repair,2026-08-05
https://yohomefix.com/areas/oak-hill/37220/water-softener-repair,2026-08-05
https://yohomefix.com/areas/oakley/84055/main-water-shutoff-valve-repair,2026-08-05
https://yohomefix.com/areas/cloquet/55711/water-heater-repair,2026-08-05
https://yohomefix.com/areas/alexandria/56308/main-water-shutoff-valve-repair,2026-08-05
https://yohomefix.com/areas/salina/84654/leak-repair,2026-08-05
https://yohomefix.com/areas/atlantic-beach/28512/toilet-repair,2026-08-05
https://yohomefix.com/areas/doyline/71024/garbage-disposal-repair,2026-08-05
https://yohomefix.com/areas/arnold/63053/garbage-disposal-repair,2026-08-05
https://yohomefix.com/plumber-carthage-ar-sump-pump-repair,2026-08-05
https://yohomefix.com/areas/paris/40361/water-softener-repair,2026-08-05
https://yohomefix.com/plumber-st.-jo-water-heater-repair,2026-08-05
https://yohomefix.com/areas/mer-rouge/71220/main-water-shutoff-valve-repair,2026-08-05
https://yohomefix.com/areas/crescent/51548/drain-cleaning,2026-08-05
https://yohomefix.com/areas/mccrory/72074/pipe-burst-repair,2026-08-05
https://yohomefix.com/areas/willmar/56279/sewer-line-repair,2026-08-05
https://yohomefix.com/areas/elkton/55977/main-water-shutoff-valve-repair,2026-08-05
https://yohomefix.com/areas/evergreen/71333/drain-cleaning,2026-08-05
https://yohomefix.com/areas/north-johns/35111/leak-repair,2026-08-05
https://yohomefix.com/areas/bridgeport/35740/pipe-burst-repair,2026-08-05
https://yohomefix.com/plumber-alto-ga-sump-pump-repair,2026-08-05
https://yohomefix.com/plumber-collins-sump-pump-repair,2026-08-05
https://yohomefix.com/areas/lexington/48450/water-softener-repair,2026-08-05
https://yohomefix.com/areas/dexter/48169/whole-house-repiping,2026-08-05
https://yohomefix.com/areas/barry/56210/toilet-repair,2026-08-05
https://yohomefix.com/areas/paris/41031/water-heater-repair,2026-08-05
https://yohomefix.com/areas/athena/97801/drain-cleaning,2026-08-05
https://yohomefix.com/areas/caraway/72414/sewer-line-repair,2026-08-05
https://yohomefix.com/areas/cayuga/58013/emergency,2026-08-05
https://yohomefix.com/areas/townsend/59644/faucet-repair,2026-08-05
https://yohomefix.com/areas/atlantic-beach/28512/leak-repair,2026-08-05
https://yohomefix.com/areas/spring-city/84667/faucet-repair,2026-08-05
https://yohomefix.com/areas/seguin/78121/emergency,2026-08-05
https://yohomefix.com/areas/page/58064/water-line-repair,2026-08-05
https://yohomefix.com/areas/crescent/51503/drain-cleaning,2026-08-04
https://yohomefix.com/areas/galesburg/49053/water-softener-repair,2026-08-04
https://yohomefix.com/areas/dexter/48130/water-line-repair,2026-08-04
https://yohomefix.com/areas/newark/19716/faucet-repair,2026-08-04
https://yohomefix.com/areas/delmont/57313/water-heater-repair,2026-08-04
https://yohomefix.com/areas/adamsville/35073/pipe-burst-repair,2026-08-04
https://yohomefix.com/areas/harpersville/35185/emergency,2026-08-04
https://yohomefix.com/areas/creswell/27928/main-water-shutoff-valve-repair,2026-08-04
https://yohomefix.com/areas/claremont/62421/garbage-disposal-repair,2026-08-04
https://yohomefix.com/areas/cashion/73016/sump-pump-repair,2026-08-04
https://yohomefix.com/areas/highland/72542/pipe-burst-repair,2026-08-04
https://yohomefix.com/areas/teague/75831/drain-cleaning,2026-08-04
https://yohomefix.com/areas/elba/14058/pipe-burst-repair,2026-08-04
https://yohomefix.com/areas/boardman/28438/toilet-repair,2026-08-04
https://yohomefix.com/areas/bondville/61874/drain-cleaning,2026-08-04
https://yohomefix.com/areas/cecil/31627/water-softener-repair,2026-08-04
https://yohomefix.com/areas/adamsville/35118/leak-repair,2026-08-04
https://yohomefix.com/plumber-cajah's-mountain-sump-pump-repair,2026-08-04
https://yohomefix.com/areas/townsend/59644/pipe-burst-repair,2026-08-04
https://yohomefix.com/areas/eveleth/55751/emergency,2026-08-04
https://yohomefix.com/plumber-mitchellville-ar-sump-pump-repair,2026-08-04
https://yohomefix.com/areas/loraine/62349/water-softener-repair,2026-08-04
https://yohomefix.com/areas/highland/72532/slab-leak-repair,2026-08-04
https://yohomefix.com/areas/adamsville/35073/leak-repair,2026-08-04
https://yohomefix.com/areas/underwood/56576/water-line-repair,2026-08-04
https://yohomefix.com/areas/custer/49405/water-line-repair,2026-08-04
https://yohomefix.com/areas/max/58735/sump-pump-repair,2026-08-04
https://yohomefix.com/plumber-daytona-beach-sump-pump-repair,2026-08-04
https://yohomefix.com/plumber-lake-st.-louis-drain-cleaning,2026-08-04
https://yohomefix.com/areas/townsend/59645/water-heater-repair,2026-08-04
https://yohomefix.com/areas/hamburg/71663/pipe-burst-repair,2026-08-04
https://yohomefix.com/areas/posen/48742/water-softener-repair,2026-08-04
https://yohomefix.com/areas/pringle/57773/main-water-shutoff-valve-repair,2026-08-04
https://yohomefix.com/areas/washburn/58577/slab-leak-repair,2026-08-04
https://yohomefix.com/areas/north-johns/35023/leak-repair,2026-08-04
https://yohomefix.com/areas/marion/57043/water-heater-repair,2026-08-04
https://yohomefix.com/areas/tabor-city/28430/garbage-disposal-repair,2026-08-04
https://yohomefix.com/plumber-cajah's-mountain-water-heater-repair,2026-08-04
https://yohomefix.com/areas/spring-city/84662/toilet-repair,2026-08-04
https://yohomefix.com/areas/towner/58313/drain-cleaning,2026-08-04
https://yohomefix.com/areas/dayton/99328/toilet-repair,2026-08-04
https://yohomefix.com/areas/bonanza/97623/main-water-shutoff-valve-repair,2026-08-04
https://yohomefix.com/areas/florala/36455/water-heater-repair,2026-08-04
https://yohomefix.com/areas/wilson/72330/slab-leak-repair,2026-08-04
https://yohomefix.com/areas/bowling-green/22580/garbage-disposal-repair,2026-08-04
https://yohomefix.com/areas/goldston/27559/sump-pump-repair,2026-08-04
https://yohomefix.com/areas/beresford/57073/emergency,2026-08-04
https://yohomefix.com/areas/gunnison/84652/water-heater-repair,2026-08-04
https://yohomefix.com/areas/dayton/99328/faucet-repair,2026-08-04
https://yohomefix.com/areas/oglethorpe/31711/emergency,2026-08-04
https://yohomefix.com/areas/atlantic-beach/28532/pipe-burst-repair,2026-08-04
https://yohomefix.com/areas/lexington/48450/emergency,2026-08-04
https://yohomefix.com/areas/underwood/56586/emergency,2026-08-04
https://yohomefix.com/areas/bridgeport/35740/toilet-repair,2026-08-04
https://yohomefix.com/areas/bonanza/97624/emergency,2026-08-04
https://yohomefix.com/areas/hanley-falls/56241/slab-leak-repair,2026-08-04
https://yohomefix.com/areas/harrisburg/97327/drain-cleaning,2026-08-04
https://yohomefix.com/areas/somersworth/03801/drain-cleaning,2026-08-04
https://yohomefix.com/plumber-mooresville-al-sump-pump-repair,2026-08-04
https://yohomefix.com/areas/delaware-city/19730/toilet-repair,2026-08-04
https://yohomefix.com/areas/hollywood/35768/water-heater-repair,2026-08-04
https://yohomefix.com/areas/balta/58710/drain-cleaning,2026-08-04
https://yohomefix.com/areas/elaine/72342/emergency,2026-08-04
https://yohomefix.com/plumber-kilgore-sump-pump-repair,2026-08-04
https://yohomefix.com/areas/bridgeport/35740/sewer-line-repair,2026-08-04
https://yohomefix.com/areas/cavalier/58262/water-heater-repair,2026-08-04
https://yohomefix.com/areas/st.-joseph/64506/slab-leak-repair,2026-08-04
https://yohomefix.com/areas/roberts/83444/slab-leak-repair,2026-08-04
https://yohomefix.com/areas/tekamah/68019/drain-cleaning,2026-08-04
https://yohomefix.com/areas/peck/83524/water-line-repair,2026-08-04
https://yohomefix.com/areas/new-castle/16159/leak-repair,2026-08-04
https://yohomefix.com/areas/bonanza/97633/emergency,2026-08-04
https://yohomefix.com/areas/arnold/63128/garbage-disposal-repair,2026-08-04
https://yohomefix.com/plumber-bath-(berkeley-springs)-sewer-line-repair,2026-08-04
https://yohomefix.com/areas/melbourne/41085/emergency,2026-08-04
https://yohomefix.com/areas/sibley/64088/garbage-disposal-repair,2026-08-04
https://yohomefix.com/areas/grygla/56763/faucet-repair,2026-08-04
https://yohomefix.com/areas/hollywood/35752/toilet-repair,2026-08-04
https://yohomefix.com/areas/lemmon/57641/leak-repair,2026-08-04
https://yohomefix.com/areas/bowdon/58486/water-heater-repair,2026-08-04
https://yohomefix.com/areas/wilmington/19801/toilet-repair,2026-08-04
https://yohomefix.com/areas/wellman/79378/pipe-burst-repair,2026-08-04
https://yohomefix.com/areas/buxton/58201/leak-repair,2026-08-04
https://yohomefix.com/areas/nashua/59248/sump-pump-repair,2026-08-04
https://yohomefix.com/areas/bonanza/97623/faucet-repair,2026-08-04
https://yohomefix.com/areas/alpena/49779/drain-cleaning,2026-08-04
https://yohomefix.com/areas/mooresboro/28152/garbage-disposal-repair,2026-08-04
https://yohomefix.com/areas/adamsville/35214/leak-repair,2026-08-04
https://yohomefix.com/plumber-hughes-ar-sump-pump-repair,2026-08-04
https://yohomefix.com/areas/ruso/58575/leak-repair,2026-08-04
https://yohomefix.com/plumber-bath-(berkeley-springs)-whole-house-repiping,2026-08-04
https://yohomefix.com/areas/montrose/57048/emergency,2026-08-03
https://yohomefix.com/areas/washburn/58577/leak-repair,2026-08-03
https://yohomefix.com/areas/lockhart/36455/whole-house-repiping,2026-08-03
https://yohomefix.com/areas/kendleton/77417/pipe-burst-repair,2026-08-03
https://yohomefix.com/plumber-fayetteville-ga-sump-pump-repair,2026-08-03
https://yohomefix.com/plumber-lynn-ar-sump-pump-repair,2026-08-03
https://yohomefix.com/areas/bonanza/97603/emergency,2026-08-03
https://yohomefix.com/plumber-sherman-sump-pump-repair,2026-08-03
https://yohomefix.com/plumber-sparks-ga-sump-pump-repair,2026-08-03
https://yohomefix.com/areas/newark/19716/sump-pump-repair,2026-08-03
https://yohomefix.com/areas/st.-augusta/55320/garbage-disposal-repair,2026-08-03
https://yohomefix.com/plumber-cairo-sump-pump-repair,2026-08-03
https://yohomefix.com/areas/cecil/31632/leak-repair,2026-08-03
https://yohomefix.com/areas/richland/97883/pipe-burst-repair,2026-08-03
https://yohomefix.com/areas/richland/97907/pipe-burst-repair,2026-08-03
https://yohomefix.com/areas/st.-augusta,2026-08-03
https://yohomefix.com/plumber-shiloh-al-sump-pump-repair,2026-08-03
https://yohomefix.com/plumber-norwalk-ca-sump-pump-repair,2026-08-03
https://yohomefix.com/plumber-union-city-ga-sump-pump-repair,2026-08-03
https://yohomefix.com/plumber-warrenton-ga-sump-pump-repair,2026-08-03
https://yohomefix.com/plumber-bristol-fl-sump-pump-repair,2026-08-03
https://yohomefix.com/plumber-greenwood-ar-sump-pump-repair,2026-08-03
https://yohomefix.com/plumber-wilson-ar-sump-pump-repair,2026-08-03
https://yohomefix.com/plumber-fairfax-ca-sump-pump-repair,2026-08-03
https://yohomefix.com/plumber-washington-ga-sump-pump-repair,2026-08-03
https://yohomefix.com/plumber-claremont-ca-sump-pump-repair,2026-08-03
https://yohomefix.com/plumber-warren-ar-sump-pump-repair,2026-08-03
https://yohomefix.com/areas/st.-joseph/64503/whole-house-repiping,2026-08-03
https://yohomefix.com/plumber-waterford-ca-sump-pump-repair,2026-08-03
https://yohomefix.com/plumber-womelsdorf-(coalton)-toilet-repair,2026-08-03
https://yohomefix.com/areas/watkins/55353/garbage-disposal-repair,2026-08-03
https://yohomefix.com/plumber-sardis-ga-sump-pump-repair,2026-08-03
https://yohomefix.com/plumber-williamson-ga-sump-pump-repair,2026-08-03
https://yohomefix.com/plumber-bath-(berkeley-springs)-drain-cleaning,2026-08-03
https://yohomefix.com/plumber-san-jose-sump-pump-repair,2026-08-03
https://yohomefix.com/plumber-bath-(berkeley-springs)-slab-leak-repair,2026-08-03
https://yohomefix.com/plumber-edwardsville-al-sump-pump-repair,2026-08-03
https://yohomefix.com/plumber-rogers-sump-pump-repair,2026-08-03
https://yohomefix.com/plumber-monroe-ga-sump-pump-repair,2026-08-03
https://yohomefix.com/areas/center/58530/main-water-shutoff-valve-repair,2026-08-03
https://yohomefix.com/plumber-eudora-ar-sump-pump-repair,2026-08-03
https://yohomefix.com/areas/pindall/72685/faucet-repair,2026-08-03
https://yohomefix.com/plumber-cave-city-ar-sump-pump-repair,2026-08-03
https://yohomefix.com/plumber-wooster-ar-sump-pump-repair,2026-08-02
https://yohomefix.com/plumber-st.-john-sump-pump-repair,2026-08-02
https://yohomefix.com/plumber-gonzales-tx-sump-pump-repair,2026-08-02
https://yohomefix.com/plumber-fulton-ar-sump-pump-repair,2026-08-02
https://yohomefix.com/plumber-arkansas-city-ar-sump-pump-repair,2026-08-02
https://yohomefix.com/plumber-belmont-ca-sump-pump-repair,2026-08-01
https://yohomefix.com/plumber-vernon-ca-sump-pump-repair,2026-08-01
https://yohomefix.com/plumber-dodge-city-al-sump-pump-repair,2026-08-01
https://yohomefix.com/plumber-oak-grove-al-sump-pump-repair,2026-08-01
https://yohomefix.com/plumber-brighton-al-sump-pump-repair,2026-08-01
https://yohomefix.com/plumber-alexander-ar-sump-pump-repair,2026-08-01
https://yohomefix.com/plumber-roanoke-al-sump-pump-repair,2026-08-01
https://yohomefix.com/plumber-moorefield-ar-sump-pump-repair,2026-08-01
https://yohomefix.com/plumber-lenox-ga-sump-pump-repair,2026-08-01
https://yohomefix.com/plumber-avalon-ca-sump-pump-repair,2026-08-01
https://yohomefix.com/plumber-hull-ga-sump-pump-repair,2026-08-01
https://yohomefix.com/plumber-zebulon-ga-sump-pump-repair,2026-08-01
https://yohomefix.com/plumber-morganton-ga-sump-pump-repair,2026-08-01
https://yohomefix.com/plumber-greenville-fl-sump-pump-repair,2026-08-01
https://yohomefix.com/plumber-plymouth-ca-sump-pump-repair,2026-08-01
https://yohomefix.com/plumber-rogersville-al-sump-pump-repair,2026-08-01
https://yohomefix.com/plumber-summit-ar-sump-pump-repair,2026-08-01
https://yohomefix.com/plumber-la-crosse-fl-sump-pump-repair,2026-08-01
https://yohomefix.com/plumber-providence-al-sump-pump-repair,2026-08-01
https://yohomefix.com/plumber-ardmore-al-sump-pump-repair,2026-08-01
https://yohomefix.com/plumber-cudahy-ca-sump-pump-repair,2026-08-01
https://yohomefix.com/plumber-jennings-fl-sump-pump-repair,2026-08-01
https://yohomefix.com/plumber-franklin-al-sump-pump-repair,2026-08-01
https://yohomefix.com/plumber-lakewood-ca-sump-pump-repair,2026-08-01
https://yohomefix.com/plumber-duncan-az-sump-pump-repair,2026-07-30
https://yohomefix.com/plumber-central-city-ar-sump-pump-repair,2026-07-30
https://yohomefix.com/areas/apple-valley/55306/main-water-shutoff-valve-repair,2026-07-29
https://yohomefix.com/plumber-trenton-ga-sump-pump-repair,2026-07-28
https://yohomefix.com/plumber-st.-james-main-water-shutoff-valve-repair,2026-07-28
https://yohomefix.com/plumber-smyrna-ga-sump-pump-repair,2026-07-28
https://yohomefix.com/areas/willmar/56216/sewer-line-repair,2026-07-27
https://yohomefix.com/areas/ellendale/56016/leak-repair,2026-07-27
https://yohomefix.com/plumber-arlington-sump-pump-repair,2026-07-27
https://yohomefix.com/plumber-st.-david-emergency,2026-07-27
https://yohomefix.com/areas/sigurd/84654/sump-pump-repair,2026-07-27
https://yohomefix.com/areas/ogden/71853/leak-repair,2026-07-27
https://yohomefix.com/areas/houston/19954/sewer-line-repair,2026-07-27
https://yohomefix.com/areas/lyman/84749/sewer-line-repair,2026-07-27
https://yohomefix.com/areas/oakley/84061/sump-pump-repair,2026-07-27
https://yohomefix.com/areas/eureka/84648/leak-repair,2026-07-27
https://yohomefix.com/areas/henning/56515/whole-house-repiping,2026-07-27
https://yohomefix.com/areas/newark/19717/pipe-burst-repair,2026-07-27
https://yohomefix.com/areas/odessa/19730/whole-house-repiping,2026-07-27
https://yohomefix.com/areas/ogden/71853/faucet-repair,2026-07-27
https://yohomefix.com/areas/oakley/84017/sump-pump-repair,2026-07-27
https://yohomefix.com/areas/parkin/72396/drain-cleaning,2026-07-27
https://yohomefix.com/areas/potlatch/83871/faucet-repair,2026-07-27
https://yohomefix.com/areas/willmar/56288/sewer-line-repair,2026-07-27
https://yohomefix.com/areas/palisade/56469/pipe-burst-repair,2026-07-27
https://yohomefix.com/areas/ranier/56653/water-heater-repair,2026-07-27
https://yohomefix.com/areas/eureka/84655/leak-repair,2026-07-27
https://yohomefix.com/areas/lyman/84749/main-water-shutoff-valve-repair,2026-07-27
https://yohomefix.com/areas/lyman/84749/water-heater-repair,2026-07-27
https://yohomefix.com/areas/glyndon/56560/drain-cleaning,2026-07-27
https://yohomefix.com/areas/scandia/55074/sewer-line-repair,2026-07-27
https://yohomefix.com/areas/wilmington/19801/emergency,2026-07-27
https://yohomefix.com/areas/ada/56545/slab-leak-repair,2026-07-27
https://yohomefix.com/areas/pindall/72636/faucet-repair,2026-07-27
https://yohomefix.com/areas/smyrna/19734/slab-leak-repair,2026-07-27
https://yohomefix.com/areas/greenfield/55357/sump-pump-repair,2026-07-27
https://yohomefix.com/areas/hallock/56720/main-water-shutoff-valve-repair,2026-07-27
https://yohomefix.com/areas/sigurd/84652/sump-pump-repair,2026-07-27
https://yohomefix.com/areas/zimmerman/55308/slab-leak-repair,2026-07-27
https://yohomefix.com/areas/smyrna/19904/slab-leak-repair,2026-07-27
https://yohomefix.com/areas/spring-grove/55974/sump-pump-repair,2026-07-27
https://yohomefix.com/areas/wilmington/19805/main-water-shutoff-valve-repair,2026-07-27
https://yohomefix.com/areas/greers-ferry/72088/water-heater-repair,2026-07-27
https://yohomefix.com/areas/greers-ferry/72153/water-heater-repair,2026-07-27
https://yohomefix.com/areas/white-bird/83549/water-heater-repair,2026-07-27
https://yohomefix.com/areas/ada/56510/main-water-shutoff-valve-repair,2026-07-27
https://yohomefix.com/areas/eureka/84628/toilet-repair,2026-07-27
https://yohomefix.com/areas/hatch/84759/sewer-line-repair,2026-07-27
https://yohomefix.com/areas/monroe/84724/slab-leak-repair,2026-07-27
https://yohomefix.com/areas/pindall/72633/faucet-repair,2026-07-27
https://yohomefix.com/areas/spring-grove/55922/water-line-repair,2026-07-27
https://yohomefix.com/areas/emmitsburg/21783/water-line-repair,2026-07-27
https://yohomefix.com/areas/hallock/56731/main-water-shutoff-valve-repair,2026-07-27
https://yohomefix.com/areas/henning/56527/whole-house-repiping,2026-07-27
https://yohomefix.com/areas/odin/56162/sewer-line-repair,2026-07-27
https://yohomefix.com/areas/scandia/55038/sewer-line-repair,2026-07-27
https://yohomefix.com/areas/lyman/84775/toilet-repair,2026-07-27
https://yohomefix.com/areas/rockville/20854/sump-pump-repair,2026-07-27
https://yohomefix.com/areas/danville/72833/sewer-line-repair,2026-07-27
https://yohomefix.com/plumber-sharpsburg-ga-sump-pump-repair,2026-07-27
https://yohomefix.com/areas/ada/56510/whole-house-repiping,2026-07-27
https://yohomefix.com/areas/henning/56588/whole-house-repiping,2026-07-27
https://yohomefix.com/areas/lucas/75002/sump-pump-repair,2026-07-27
https://yohomefix.com/areas/oakley/84055/drain-cleaning,2026-07-27
https://yohomefix.com/areas/eureka/84628/water-line-repair,2026-07-27
https://yohomefix.com/areas/lyman/84716/toilet-repair,2026-07-27
https://yohomefix.com/areas/lyman/84749/pipe-burst-repair,2026-07-27
https://yohomefix.com/areas/wilmington/19801/sewer-line-repair,2026-07-27
https://yohomefix.com/areas/mapleton/84663/whole-house-repiping,2026-07-27
https://yohomefix.com/areas/greenfield/55357/water-line-repair,2026-07-27
https://yohomefix.com/areas/hallock/56734/main-water-shutoff-valve-repair,2026-07-27
https://yohomefix.com/areas/ellendale/56026/main-water-shutoff-valve-repair,2026-07-27
https://yohomefix.com/areas/monroe/84754/faucet-repair,2026-07-27
https://yohomefix.com/areas/parkin/72394/drain-cleaning,2026-07-27
https://yohomefix.com/areas/lyman/84749/sump-pump-repair,2026-07-27
https://yohomefix.com/areas/ratcliff/72855/sewer-line-repair,2026-07-27
https://yohomefix.com/areas/houston/19954/water-line-repair,2026-07-27
https://yohomefix.com/areas/houston/19954/whole-house-repiping,2026-07-27
https://yohomefix.com/areas/odin/56120/sewer-line-repair,2026-07-27
https://yohomefix.com/areas/independence/55359/main-water-shutoff-valve-repair,2026-07-27
https://yohomefix.com/areas/greenfield/55357/water-softener-repair,2026-07-27
https://yohomefix.com/areas/emmitsburg/21787/water-line-repair,2026-07-27
https://yohomefix.com/areas/houston/19941/pipe-burst-repair,2026-07-27
https://yohomefix.com/areas/searcy/72178/slab-leak-repair,2026-07-27
https://yohomefix.com/areas/leamington/84648/sewer-line-repair,2026-07-27
https://yohomefix.com/areas/brooklyn-center/55432/slab-leak-repair,2026-07-27
https://yohomefix.com/areas/palisade/55748/drain-cleaning,2026-07-27
https://yohomefix.com/areas/eureka/84628/faucet-repair,2026-07-27
https://yohomefix.com/areas/sigurd/84730/sump-pump-repair,2026-07-27
https://yohomefix.com/areas/emmitsburg/21793/water-line-repair,2026-07-27
https://yohomefix.com/areas/emmitsburg/21788/water-line-repair,2026-07-27
https://yohomefix.com/areas/glyndon/56562/drain-cleaning,2026-07-27
https://yohomefix.com/areas/oakley/84055/garbage-disposal-repair,2026-07-27
https://yohomefix.com/areas/oakley/84055/sewer-line-repair,2026-07-27
https://yohomefix.com/areas/oakley/84055/whole-house-repiping,2026-07-27
https://yohomefix.com/areas/odin/56160/slab-leak-repair,2026-07-27
https://yohomefix.com/areas/sigurd/84711/sump-pump-repair,2026-07-27
https://yohomefix.com/areas/elaine/72390/emergency,2026-07-27
https://yohomefix.com/areas/mccrory/72006/pipe-burst-repair,2026-07-27
https://yohomefix.com/plumber-st.-anthony-water-line-repair,2026-07-27
https://yohomefix.com/plumber-st.-francisville-main-water-shutoff-valve-repair,2026-07-27
https://yohomefix.com/areas/parkin/72327/drain-cleaning,2026-07-27
https://yohomefix.com/areas/willmar/56251/sewer-line-repair,2026-07-27
https://yohomefix.com/areas/newark/19711/sewer-line-repair,2026-07-27
https://yohomefix.com/areas/oakley/84055/slab-leak-repair,2026-07-27
https://yohomefix.com/areas/eureka/84628/sewer-line-repair,2026-07-27
https://yohomefix.com/areas/spring-grove/55974/water-softener-repair,2026-07-27
https://yohomefix.com/areas/ellendale/56026/whole-house-repiping,2026-07-27
https://yohomefix.com/areas/millington/21635/water-softener-repair,2026-07-27
https://yohomefix.com/areas/palisade/55760/drain-cleaning,2026-07-27
https://yohomefix.com/areas/greers-ferry/72543/water-heater-repair,2026-07-27
https://yohomefix.com/areas/ada/56548/slab-leak-repair,2026-07-27
https://yohomefix.com/areas/odin/56160/faucet-repair,2026-07-27
https://yohomefix.com/plumber-riverview-al-sump-pump-repair,2026-07-27
https://yohomefix.com/plumber-maysville-ga-sump-pump-repair,2026-07-27
https://yohomefix.com/areas/zimmerman/55303/slab-leak-repair,2026-07-27
https://yohomefix.com/areas/ellendale/56026/water-line-repair,2026-07-27
https://yohomefix.com/areas/odessa/19730/slab-leak-repair,2026-07-27
https://yohomefix.com/areas/eureka/84628/emergency,2026-07-27
https://yohomefix.com/areas/mccrory/72169/pipe-burst-repair,2026-07-27
https://yohomefix.com/areas/odin/56160/leak-repair,2026-07-27
https://yohomefix.com/areas/wilmington/19801/water-softener-repair,2026-07-27
https://yohomefix.com/areas/ada/56519/slab-leak-repair,2026-07-27
https://yohomefix.com/areas/independence/55359/whole-house-repiping,2026-07-27
https://yohomefix.com/areas/mccrory/72347/pipe-burst-repair,2026-07-27
https://yohomefix.com/areas/ogden/71853/whole-house-repiping,2026-07-27
https://yohomefix.com/areas/ogden/71862/faucet-repair,2026-07-27
https://yohomefix.com/areas/sigurd/84620/sump-pump-repair,2026-07-27
https://yohomefix.com/areas/parkin/72324/drain-cleaning,2026-07-27
https://yohomefix.com/areas/sandstone/55704/leak-repair,2026-07-27
https://yohomefix.com/plumber-east-st.-louis-pipe-burst-repair,2026-07-27
https://yohomefix.com/areas/zimmerman/55309/slab-leak-repair,2026-07-27
https://yohomefix.com/areas/palisade/56469/sump-pump-repair,2026-07-27
https://yohomefix.com/areas/pine-bluff/71665/drain-cleaning,2026-07-27
https://yohomefix.com/areas/pindall/72677/faucet-repair,2026-07-27
https://yohomefix.com/plumber-port-st.-joe-faucet-repair,2026-07-27
https://yohomefix.com/areas/oakley/84055/water-line-repair,2026-07-27
https://yohomefix.com/areas/oakley/84033/sump-pump-repair,2026-07-27
https://yohomefix.com/areas/palisade/56431/drain-cleaning,2026-07-27
https://yohomefix.com/areas/wilmington/19806/main-water-shutoff-valve-repair,2026-07-27
https://yohomefix.com/plumber-east-st.-louis-main-water-shutoff-valve-repair,2026-07-27
https://yohomefix.com/areas/cheverly/20722/toilet-repair,2026-07-27
https://yohomefix.com/areas/newark/19713/pipe-burst-repair,2026-07-27
https://yohomefix.com/plumber-sunset-ar-sump-pump-repair,2026-07-27
https://yohomefix.com/plumber-oakley-sump-pump-repair,2026-07-27
https://yohomefix.com/plumber-st.-john-main-water-shutoff-valve-repair,2026-07-27
https://yohomefix.com/plumber-san-luis-sump-pump-repair,2026-07-27
https://yohomefix.com/areas/wilmington/19801/drain-cleaning,2026-07-27
https://yohomefix.com/areas/odessa/19709/garbage-disposal-repair,2026-07-27
https://yohomefix.com/plumber-st.-john-leak-repair,2026-07-27
https://yohomefix.com/plumber-st.-john-toilet-repair,2026-07-27
https://yohomefix.com/plumber-lynn-al-sump-pump-repair,2026-07-27
https://yohomefix.com/areas/ogden/71853/water-heater-repair,2026-07-27
https://yohomefix.com/areas/arden/19802/water-line-repair,2026-07-27
https://yohomefix.com/plumber-hayden-az-sump-pump-repair,2026-07-27
https://yohomefix.com/plumber-quincy-fl-sump-pump-repair,2026-07-27
https://yohomefix.com/areas/newark/19717/sewer-line-repair,2026-07-27
https://yohomefix.com/plumber-east-st.-louis-water-softener-repair,2026-07-27
https://yohomefix.com/plumber-east-st.-louis-water-line-repair,2026-07-27
https://yohomefix.com/plumber-danville-ca-sump-pump-repair,2026-07-27
https://yohomefix.com/plumber-st-francis-ar-sump-pump-repair,2026-07-27
https://yohomefix.com/areas/independence/55359/pipe-burst-repair,2026-07-27
https://yohomefix.com/plumber-florence-sump-pump-repair,2026-07-27
"https://yohomefix.com/plumber-islamorada,-village-of-islands-garbage-disposal-repair",2026-07-27
https://yohomefix.com/plumber-st.-helena-emergency,2026-07-27
https://yohomefix.com/plumber-el-paso-de-robles-(paso-robles)-water-heater-repair,2026-07-27
https://yohomefix.com/areas/wilmington/19801/leak-repair,2026-07-27
https://yohomefix.com/plumber-east-st.-louis-leak-repair,2026-07-27
https://yohomefix.com/plumber-port-st.-joe-toilet-repair,2026-07-27
https://yohomefix.com/plumber-montezuma-sump-pump-repair,2026-07-27
https://yohomefix.com/plumber-harrison-ar-sump-pump-repair,2026-07-27
https://yohomefix.com/areas/potlatch/83843/faucet-repair,2026-07-27
https://yohomefix.com/plumber-eagle-lake-sump-pump-repair,2026-07-27
https://yohomefix.com/plumber-mulberry-sump-pump-repair,2026-07-27
https://yohomefix.com/plumber-meridian-sump-pump-repair,2026-07-27
https://yohomefix.com/plumber-st.-anthony-toilet-repair,2026-07-27
https://yohomefix.com/plumber-st.-augustine-water-softener-repair,2026-07-27
https://yohomefix.com/plumber-lucas-sump-pump-repair,2026-07-27
https://yohomefix.com/areas/delaware-city/19713/toilet-repair,2026-07-27
https://yohomefix.com/areas/arden/19807/water-line-repair,2026-07-27
https://yohomefix.com/plumber-port-st.-joe-water-heater-repair,2026-07-27
https://yohomefix.com/plumber-san-buenaventura-(ventura)-main-water-shutoff-valve-repair,2026-07-27
https://yohomefix.com/plumber-bradford-ar-sump-pump-repair,2026-07-27
https://yohomefix.com/plumber-salem-ar-sump-pump-repair,2026-07-27
https://yohomefix.com/plumber-sedgwick-ar-sump-pump-repair,2026-07-27
https://yohomefix.com/areas/arden/19703/water-line-repair,2026-07-27
https://yohomefix.com/plumber-waldo-sump-pump-repair,2026-07-27
https://yohomefix.com/plumber-st.-leon-water-softener-repair,2026-07-27
https://yohomefix.com/plumber-bridgeport-al-sump-pump-repair,2026-07-27
https://yohomefix.com/plumber-st.-johns-leak-repair,2026-07-27
https://yohomefix.com/plumber-union-grove-al-sump-pump-repair,2026-07-27
https://yohomefix.com/plumber-port-st.-joe-pipe-burst-repair,2026-07-27
https://yohomefix.com/plumber-cuba-sump-pump-repair,2026-07-27
https://yohomefix.com/areas/cheverly/20737/toilet-repair,2026-07-27
https://yohomefix.com/plumber-mckenzie-al-sump-pump-repair,2026-07-27
https://yohomefix.com/plumber-st.-helena-water-softener-repair,2026-07-27
https://yohomefix.com/plumber-st.-helena-drain-cleaning,2026-07-27
https://yohomefix.com/areas/lake-providence/71254/sump-pump-repair,2026-07-26
https://yohomefix.com/areas/delaware-city/19709/toilet-repair,2026-07-26
https://yohomefix.com/plumber-st.-libory-faucet-repair,2026-07-26
https://yohomefix.com/plumber-lake-city-sump-pump-repair,2026-07-26
https://yohomefix.com/plumber-lowell-ar-sump-pump-repair,2026-07-26
https://yohomefix.com/plumber-hatfield-ar-sump-pump-repair,2026-07-26
https://yohomefix.com/plumber-vernon-fl-sump-pump-repair,2026-07-26
https://yohomefix.com/areas/newark/19711/pipe-burst-repair,2026-07-26
https://yohomefix.com/areas/newark/19716/whole-house-repiping,2026-07-26
https://yohomefix.com/plumber-hampton-ar-sump-pump-repair,2026-07-26
https://yohomefix.com/plumber-waverly-al-sump-pump-repair,2026-07-26
https://yohomefix.com/plumber-seneca-sump-pump-repair,2026-07-26
https://yohomefix.com/plumber-st.-augustine-garbage-disposal-repair,2026-07-26
https://yohomefix.com/plumber-plainville-ga-sump-pump-repair,2026-07-26
https://yohomefix.com/plumber-ellisville-sump-pump-repair,2026-07-26
https://yohomefix.com/plumber-robinson-sump-pump-repair,2026-07-26
https://yohomefix.com/plumber-glencoe-sump-pump-repair,2026-07-26
https://yohomefix.com/plumber-climax-ga-sump-pump-repair,2026-07-26
https://yohomefix.com/plumber-bowling-green-fl-sump-pump-repair,2026-07-26
https://yohomefix.com/plumber-port-st.-joe-water-line-repair,2026-07-26
https://yohomefix.com/areas/newark/19716/garbage-disposal-repair,2026-07-25
https://yohomefix.com/plumber-chandler-sump-pump-repair,2026-07-25
https://yohomefix.com/plumber-pleasant-hill-ca-sump-pump-repair,2026-07-25
https://yohomefix.com/plumber-east-st.-louis-emergency,2026-07-25
https://yohomefix.com/plumber-east-st.-louis-garbage-disposal-repair,2026-07-25
https://yohomefix.com/plumber-bethune-sump-pump-repair,2026-07-24
https://yohomefix.com/plumber-st.-anthony-water-heater-repair,2026-07-24
https://yohomefix.com/cost/oklahoma-city,2026-07-23