Top pages,Clicks,Impressions,CTR,Position
https://yohomefix.com/,4,40,10%,5.42
https://yohomefix.com/plumber-new-orleans-water-heater-repair,1,681,0.15%,41.58
https://yohomefix.com/plumber-des-moines-water-heater-repair,1,40,2.5%,38.85
https://yohomefix.com/guides/water-heater-maintenance-guide,1,12,8.33%,7.58
https://yohomefix.com/plumber-english-leak-repair,1,6,16.67%,3.83
https://yohomefix.com/guides/how-to-prevent-frozen-pipes,1,5,20%,20.6
https://yohomefix.com/plumber-seymour-pipe-burst-repair,1,3,33.33%,10
https://yohomefix.com/plumber-stoy-toilet-repair,1,1,100%,12
https://yohomefix.com/plumber/georgia/emergency,1,1,100%,23
https://yohomefix.com/plumber-oklahoma-city-drain-cleaning,0,22639,0%,28.74
https://yohomefix.com/plumber-baltimore-drain-cleaning,0,5646,0%,35.68
https://yohomefix.com/plumber-san-diego-emergency,0,2114,0%,54.78
https://yohomefix.com/plumber-phoenix-emergency,0,1829,0%,46.47
https://yohomefix.com/plumber-san-antonio-emergency,0,1371,0%,46.87
https://yohomefix.com/plumber-oklahoma,0,1255,0%,98.63
https://yohomefix.com/plumber-san-jose-emergency,0,1206,0%,52.37
https://yohomefix.com/plumber-sacramento-emergency,0,1143,0%,48.29
https://yohomefix.com/plumber-cincinnati-emergency,0,1001,0%,41.77
https://yohomefix.com/plumber-seattle-emergency,0,961,0%,74.74
https://yohomefix.com/plumber-dallas-emergency,0,903,0%,73.6
https://yohomefix.com/plumber-summertown-emergency,0,872,0%,62.89
https://yohomefix.com/plumber-austin-emergency,0,847,0%,50.51
https://yohomefix.com/plumber-chicago-emergency,0,798,0%,65.31
https://yohomefix.com/plumber-los-angeles-emergency,0,771,0%,69.88
https://yohomefix.com/plumber-milwaukee-emergency,0,768,0%,47.78
https://yohomefix.com/plumber-indianapolis-emergency,0,697,0%,53.11
https://yohomefix.com/plumber-minneapolis-water-heater-repair,0,697,0%,76.96
https://yohomefix.com/plumber-baltimore-emergency,0,693,0%,32.31
https://yohomefix.com/plumber-cleveland-water-heater-repair,0,674,0%,75.55
https://yohomefix.com/plumber-houston-emergency,0,671,0%,68.33
https://yohomefix.com/plumber-charlotte-emergency,0,613,0%,59.95
https://yohomefix.com/plumber-seattle-leak-repair,0,602,0%,80.65
https://yohomefix.com/plumber-san-francisco-emergency,0,526,0%,49.67
https://yohomefix.com/plumber-fort-worth-emergency,0,517,0%,45.22
https://yohomefix.com/plumber-st.-louis-water-heater-repair,0,509,0%,65.56
https://yohomefix.com/plumber-portland-emergency,0,498,0%,55.51
https://yohomefix.com/plumber-nashville-emergency,0,428,0%,59.31
https://yohomefix.com/plumber-atlanta-emergency,0,421,0%,76.99
https://yohomefix.com/plumber-philadelphia-emergency,0,414,0%,51.42
https://yohomefix.com/cost/houston,0,376,0%,76.5
https://yohomefix.com/plumber-fresno-water-heater-repair,0,348,0%,59.99
https://yohomefix.com/plumber-kansas-city-drain-cleaning,0,330,0%,30.67
https://yohomefix.com/plumber-denver-emergency,0,316,0%,80.83
https://yohomefix.com/plumber-tennessee,0,307,0%,44.54
https://yohomefix.com/plumber-las-vegas-emergency,0,307,0%,85.69
https://yohomefix.com/plumber-indianapolis-leak-repair,0,292,0%,79.77
https://yohomefix.com/plumber-oklahoma-city-emergency,0,269,0%,46.91
https://yohomefix.com/plumber-nebraska,0,253,0%,65.49
https://yohomefix.com/plumber-columbus-emergency,0,247,0%,47.78
https://yohomefix.com/plumber-jacksonville-emergency,0,236,0%,53.58
https://yohomefix.com/plumber-indiana,0,227,0%,45.69
https://yohomefix.com/plumber-san-francisco-leak-repair,0,219,0%,76.02
https://yohomefix.com/plumber-washington,0,213,0%,60.7
https://yohomefix.com/plumber-california,0,204,0%,37.11
https://yohomefix.com/plumber-nevada,0,197,0%,52.89
https://yohomefix.com/plumber-jacksonville-leak-repair,0,186,0%,77.96
https://yohomefix.com/plumber-cleveland-emergency,0,178,0%,43.26
https://yohomefix.com/plumber-nashville-leak-repair,0,169,0%,72.78
https://yohomefix.com/plumber-tulsa-drain-cleaning,0,157,0%,34.68
https://yohomefix.com/plumber-long-beach-emergency,0,157,0%,41.33
https://yohomefix.com/plumber-fort-worth-leak-repair,0,154,0%,84.27
https://yohomefix.com/plumber-new-york-emergency,0,141,0%,78.23
https://yohomefix.com/plumber-houston-pipe-burst-repair,0,138,0%,71.63
https://yohomefix.com/plumber-charlotte-leak-repair,0,135,0%,75.27
https://yohomefix.com/plumber-fresno-emergency,0,115,0%,29.9
https://yohomefix.com/plumber-alto-ga-drain-cleaning,0,112,0%,59.88
https://yohomefix.com/plumber-pittsburgh-emergency,0,110,0%,64.24
https://yohomefix.com/plumber-ohio,0,109,0%,47.25
https://yohomefix.com/plumber-atlanta-drain-cleaning,0,109,0%,65
https://yohomefix.com/plumber-columbus-leak-repair,0,103,0%,81.78
https://yohomefix.com/plumber-missouri,0,86,0%,54.29
https://yohomefix.com/plumber-elgin-water-heater-repair,0,85,0%,64.05
https://yohomefix.com/plumber-detroit-emergency,0,79,0%,35.11
https://yohomefix.com/plumber-austin-in-drain-cleaning,0,78,0%,50.82
https://yohomefix.com/plumber-bloomington-il-drain-cleaning,0,70,0%,54.99
https://yohomefix.com/plumber-denver-leak-repair,0,70,0%,79.31
https://yohomefix.com/plumber-bowling-green-water-heater-repair,0,68,0%,31.71
https://yohomefix.com/plumber-rochester-emergency,0,66,0%,48.26
https://yohomefix.com/plumber-kansas-city-ks-water-heater-repair,0,64,0%,43.16
https://yohomefix.com/plumber-lowell-ar-main-water-shutoff-valve-repair,0,61,0%,15.69
https://yohomefix.com/plumber-el-cajon-emergency,0,61,0%,33.26
https://yohomefix.com/plumber-arizona,0,58,0%,60.24
https://yohomefix.com/plumber-virginia,0,56,0%,48.86
https://yohomefix.com/plumber-brentwood-ca-water-heater-repair,0,54,0%,71.15
https://yohomefix.com/plumber-burns-harbor-pipe-burst-repair,0,53,0%,39.81
https://yohomefix.com/plumber-coeur-d-alene-water-heater-repair,0,53,0%,42.96
https://yohomefix.com/plumber-virginia-beach-emergency,0,53,0%,45.11
https://yohomefix.com/plumber-tuscaloosa-drain-cleaning,0,52,0%,44.77
https://yohomefix.com/plumber-wichita-sump-pump-repair,0,51,0%,50.75
https://yohomefix.com/plumber-parkdale-sewer-line-repair,0,51,0%,77
https://yohomefix.com/plumber-san-diego-leak-repair,0,49,0%,72.78
https://yohomefix.com/plumber-tulsa-toilet-repair,0,49,0%,78.16
https://yohomefix.com/plumber-durham-water-heater-repair,0,49,0%,80.29
https://yohomefix.com/plumber-buckeye-emergency,0,48,0%,32.75
https://yohomefix.com/plumber-usa,0,47,0%,57.98
https://yohomefix.com/plumber-madison-sewer-line-repair,0,45,0%,47.33
https://yohomefix.com/plumber-elizabethtown-drain-cleaning,0,41,0%,29.66
https://yohomefix.com/plumber-florence-ky-emergency,0,40,0%,27.15
https://yohomefix.com/plumber-los-angeles-leak-repair,0,40,0%,71.83
https://yohomefix.com/plumber-fort-smith-emergency,0,39,0%,49.03
https://yohomefix.com/plumber-rochester-leak-repair,0,39,0%,53.92
https://yohomefix.com/plumber-maryland,0,39,0%,55.79
https://yohomefix.com/plumber-spanish-fort-water-heater-repair,0,38,0%,53.66
https://yohomefix.com/plumber-elm-springs-water-heater-repair,0,37,0%,8.27
https://yohomefix.com/plumber-manteca-water-heater-repair,0,36,0%,68.28
https://yohomefix.com/plumber-salinas-water-heater-repair,0,35,0%,45.8
https://yohomefix.com/plumber-kingman-ks-water-line-repair,0,35,0%,49.89
https://yohomefix.com/plumber-monterey-water-heater-repair,0,35,0%,57.17
https://yohomefix.com/plumber-rochester-whole-house-repiping,0,35,0%,57.69
https://yohomefix.com/areas/las-vegas/89131/emergency,0,35,0%,62.14
https://yohomefix.com/plumber-plano-emergency,0,34,0%,67.94
https://yohomefix.com/plumber-nashville-pipe-burst-repair,0,34,0%,82.53
https://yohomefix.com/plumber-ardmore-water-heater-repair,0,33,0%,20.88
https://yohomefix.com/plumber-tucson-emergency,0,33,0%,54.18
https://yohomefix.com/plumber-mesa-emergency,0,33,0%,75.09
https://yohomefix.com/plumber-checotah-pipe-burst-repair,0,32,0%,41.22
https://yohomefix.com/plumber-johnsburg-emergency,0,32,0%,42.97
https://yohomefix.com/plumber-lowell-emergency,0,30,0%,51.87
https://yohomefix.com/plumber-poway-leak-repair,0,30,0%,53.73
https://yohomefix.com/plumber-murrieta-sewer-line-repair,0,30,0%,61.17
https://yohomefix.com/plumber-wabash-faucet-repair,0,29,0%,28.07
https://yohomefix.com/guides/signs-you-need-a-plumber,0,29,0%,35.21
https://yohomefix.com/plumber-galt-main-water-shutoff-valve-repair,0,29,0%,38.66
https://yohomefix.com/plumber-lowell-in-whole-house-repiping,0,29,0%,39.79
https://yohomefix.com/plumber-sacramento-pipe-burst-repair,0,29,0%,39.86
https://yohomefix.com/plumber-tempe-whole-house-repiping,0,29,0%,46.34
https://yohomefix.com/plumber-mchenry-emergency,0,28,0%,20.07
https://yohomefix.com/plumber-auburn-ky-water-heater-repair,0,28,0%,41.82
https://yohomefix.com/plumber-austell-water-heater-repair,0,28,0%,50.68
https://yohomefix.com/plumber-checotah-leak-repair,0,28,0%,52.82
https://yohomefix.com/plumber-lake-station-drain-cleaning,0,28,0%,53.25
https://yohomefix.com/plumber-apple-valley-leak-repair,0,28,0%,73.75
https://yohomefix.com/plumber-doral-water-softener-repair,0,28,0%,74.79
https://yohomefix.com/plumber-seattle-drain-cleaning,0,28,0%,79.43
https://yohomefix.com/disclaimer,0,27,0%,7.26
https://yohomefix.com/contact,0,27,0%,28.48
https://yohomefix.com/plumber-isleton-water-softener-repair,0,27,0%,34.52
https://yohomefix.com/plumber-west-peoria-emergency,0,27,0%,40.11
https://yohomefix.com/plumber-san-marcos-ca-emergency,0,27,0%,40.3
https://yohomefix.com/plumber-fort-myers-beach-drain-cleaning,0,27,0%,45.59
https://yohomefix.com/plumber-concord-drain-cleaning,0,27,0%,59.56
https://yohomefix.com/plumber-rockledge-faucet-repair,0,27,0%,63.48
https://yohomefix.com/plumber-indianapolis-city-water-line-repair,0,27,0%,73.67
https://yohomefix.com/about,0,26,0%,9.27
https://yohomefix.com/plumber-oakwood-water-heater-repair,0,26,0%,50.54
https://yohomefix.com/plumber-huntington-beach-emergency,0,26,0%,62.23
https://yohomefix.com/plumber-indianapolis-sewer-line-repair,0,26,0%,62.46
https://yohomefix.com/plumber-gaithersburg-whole-house-repiping,0,26,0%,64.15
https://yohomefix.com/plumber-schaumburg-water-heater-repair,0,26,0%,65.65
https://yohomefix.com/plumber-fort-mitchell-leak-repair,0,25,0%,22.56
https://yohomefix.com/plumber-galt-sewer-line-repair,0,25,0%,42.96
https://yohomefix.com/plumber-burns-harbor-toilet-repair,0,25,0%,48.92
https://yohomefix.com/plumber-merrillville-sewer-line-repair,0,25,0%,50.88
https://yohomefix.com/plumber-buckeye-water-line-repair,0,25,0%,55.16
https://yohomefix.com/plumber-richmond-emergency,0,25,0%,55.36
https://yohomefix.com/plumber-broken-arrow-water-line-repair,0,25,0%,61.36
https://yohomefix.com/plumber-lowell-pipe-burst-repair,0,25,0%,73.56
https://yohomefix.com/plumber-mesa-leak-repair,0,25,0%,78.48
https://yohomefix.com/plumber-chicago-water-heater-repair,0,25,0%,80.08
https://yohomefix.com/plumber/north-carolina/drain-cleaning,0,24,0%,29.12
https://yohomefix.com/plumber-akron-drain-cleaning,0,24,0%,33.17
https://yohomefix.com/plumber-greensboro-sump-pump-repair,0,24,0%,33.5
https://yohomefix.com/plumber-loomis-water-heater-repair,0,24,0%,38.96
https://yohomefix.com/plumber-crystal-lake-emergency,0,24,0%,43.58
https://yohomefix.com/cost/los-angeles,0,24,0%,52.33
https://yohomefix.com/plumber-carson-city-drain-cleaning,0,24,0%,54.25
https://yohomefix.com/plumber-temecula-drain-cleaning,0,24,0%,66.58
https://yohomefix.com/plumber-nashville-water-heater-repair,0,24,0%,77.62
https://yohomefix.com/plumber-roseville-emergency,0,23,0%,31.65
https://yohomefix.com/plumber-demotte-pipe-burst-repair,0,23,0%,45.43
https://yohomefix.com/plumber-fountain-hills-water-heater-repair,0,23,0%,51.65
https://yohomefix.com/plumber-northfield-ky-leak-repair,0,23,0%,52
https://yohomefix.com/plumber-maitland-faucet-repair,0,23,0%,59
https://yohomefix.com/plumber-ormond-beach-water-heater-repair,0,23,0%,61.09
https://yohomefix.com/plumber-pacific-grove-water-heater-repair,0,23,0%,61.43
https://yohomefix.com/plumber/virginia/emergency,0,23,0%,65.26
https://yohomefix.com/plumber-rockledge-leak-repair,0,23,0%,67.57
https://yohomefix.com/plumber-solana-beach-water-line-repair,0,23,0%,72.96
https://yohomefix.com/plumber-miami-lakes-emergency,0,23,0%,74.57
https://yohomefix.com/plumber-solana-beach-slab-leak-repair,0,23,0%,75.35
https://yohomefix.com/plumber-oneida-ks-drain-cleaning,0,22,0%,38
https://yohomefix.com/plumber-hutchinson-sewer-line-repair,0,22,0%,41.91
https://yohomefix.com/plumber-crown-point-water-heater-repair,0,22,0%,47.27
https://yohomefix.com/plumber-louisville-emergency,0,22,0%,54.32
https://yohomefix.com/plumber-kennesaw-emergency,0,22,0%,57.41
https://yohomefix.com/plumber-sandy-springs-whole-house-repiping,0,22,0%,65.23
https://yohomefix.com/plumber-st.-louis-drain-cleaning,0,22,0%,71.23
https://yohomefix.com/plumber-rockford-drain-cleaning,0,22,0%,72
https://yohomefix.com/plumber/arizona/emergency,0,22,0%,73.27
https://yohomefix.com/plumber-murrieta-slab-leak-repair,0,22,0%,75.64
https://yohomefix.com/plumber-guyton-emergency,0,21,0%,9.86
https://yohomefix.com/plumber-kingman-ks-water-heater-repair,0,21,0%,14.71
https://yohomefix.com/plumber-rosemont-water-softener-repair,0,21,0%,25.76
https://yohomefix.com/plumber-bradenton-faucet-repair,0,21,0%,34.71
https://yohomefix.com/plumber-encinitas-emergency,0,21,0%,42.9
https://yohomefix.com/plumber-honolulu-drain-cleaning,0,21,0%,47.14
https://yohomefix.com/plumber-spokane-emergency,0,21,0%,60.05
https://yohomefix.com/plumber-nicholasville-water-line-repair,0,21,0%,69.71
https://yohomefix.com/plumber-la-mesa-leak-repair,0,21,0%,73.19
https://yohomefix.com/authors/editorial-team,0,20,0%,5.2
https://yohomefix.com/plumber-clarkdale-emergency,0,20,0%,11.35
https://yohomefix.com/plumber-dunnellon-water-heater-repair,0,20,0%,14
https://yohomefix.com/plumber-richmond-hill-water-heater-repair,0,20,0%,33.55
https://yohomefix.com/plumber-colorado,0,20,0%,46.1
https://yohomefix.com/plumber-el-cajon-leak-repair,0,20,0%,51.55
https://yohomefix.com/plumber-east-chicago-toilet-repair,0,20,0%,53.5
https://yohomefix.com/plumber-chatham-water-heater-repair,0,20,0%,53.95
https://yohomefix.com/plumber-checotah-sewer-line-repair,0,20,0%,54.9
https://yohomefix.com/plumber-steger-toilet-repair,0,20,0%,55.65
https://yohomefix.com/plumber-weymouth-town-water-heater-repair,0,20,0%,59.5
https://yohomefix.com/plumber-scottsdale-water-line-repair,0,20,0%,63.3
https://yohomefix.com/plumber-morganville-drain-cleaning,0,20,0%,69.05
https://yohomefix.com/plumber-burbank-pipe-burst-repair,0,20,0%,72.8
https://yohomefix.com/plumber-johns-creek-toilet-repair,0,20,0%,73.35
https://yohomefix.com/plumber-huntington-beach-leak-repair,0,20,0%,78.2
https://yohomefix.com/plumber-miami-lakes-sewer-line-repair,0,20,0%,80.45
https://yohomefix.com/plumber-gilbert-la-pipe-burst-repair,0,20,0%,93.95
https://yohomefix.com/how-yohomefix-works,0,19,0%,7.21
https://yohomefix.com/plumber-glencoe-il-drain-cleaning,0,19,0%,18.74
https://yohomefix.com/plumber-boaz-water-heater-repair,0,19,0%,22.05
https://yohomefix.com/plumber-columbia-city-faucet-repair,0,19,0%,30.32
https://yohomefix.com/plumber-winona-lake-emergency,0,19,0%,30.89
https://yohomefix.com/plumber-santa-clarita-emergency,0,19,0%,35.89
https://yohomefix.com/plumber-gainesville-water-line-repair,0,19,0%,45.58
https://yohomefix.com/plumber-los-alamitos-emergency,0,19,0%,47.84
https://yohomefix.com/plumber-rockford-sump-pump-repair,0,19,0%,62.37
https://yohomefix.com/plumber-hammond-la-emergency,0,19,0%,64.74
https://yohomefix.com/plumber-gaithersburg-water-softener-repair,0,19,0%,68.05
https://yohomefix.com/plumber-lowell-drain-cleaning,0,19,0%,68.58
https://yohomefix.com/plumber-black-drain-cleaning,0,18,0%,7.06
https://yohomefix.com/plumber-sebring-emergency,0,18,0%,11.11
https://yohomefix.com/plumber-bellwood-water-heater-repair,0,18,0%,13.56
https://yohomefix.com/plumber-huachuca-city-water-heater-repair,0,18,0%,24.17
https://yohomefix.com/plumber-covington-ky-water-heater-repair,0,18,0%,32.44
https://yohomefix.com/plumber-grant-al-water-heater-repair,0,18,0%,33
https://yohomefix.com/plumber-hazel-crest-emergency,0,18,0%,39.11
https://yohomefix.com/plumber-maricopa-drain-cleaning,0,18,0%,43.56
https://yohomefix.com/plumber-cantrall-water-heater-repair,0,18,0%,48.17
https://yohomefix.com/plumber-byron-water-heater-repair,0,18,0%,48.89
https://yohomefix.com/plumber-manteca-faucet-repair,0,18,0%,49.44
https://yohomefix.com/plumber-lantana-water-softener-repair,0,18,0%,50.33
https://yohomefix.com/plumber-michigan,0,18,0%,52.83
https://yohomefix.com/plumber-campbell-water-heater-repair,0,18,0%,55.22
https://yohomefix.com/plumber-sanford-fl-emergency,0,18,0%,63.94
https://yohomefix.com/plumber-canyon-lake-main-water-shutoff-valve-repair,0,18,0%,67.78
https://yohomefix.com/plumber-milwaukee-leak-repair,0,18,0%,71.17
https://yohomefix.com/plumber-cooper-city-water-line-repair,0,18,0%,73.06
https://yohomefix.com/plumber-ashland-al-water-heater-repair,0,18,0%,75.78
https://yohomefix.com/plumber-houston-drain-cleaning,0,18,0%,82.28
https://yohomefix.com/plumber-reidsville-ga-water-heater-repair,0,17,0%,8.88
https://yohomefix.com/plumber-fort-mitchell-emergency,0,17,0%,22.29
https://yohomefix.com/plumber-santa-rosa-toilet-repair,0,17,0%,54.35
https://yohomefix.com/plumber-carrollton-ga-leak-repair,0,17,0%,58
https://yohomefix.com/plumber-west-palm-beach-faucet-repair,0,17,0%,59.47
https://yohomefix.com/plumber-south-holland-faucet-repair,0,17,0%,59.59
https://yohomefix.com/plumber-steamboat-springs-water-heater-repair,0,17,0%,63.59
https://yohomefix.com/plumber-benson-leak-repair,0,17,0%,65.29
https://yohomefix.com/plumber-carrollton-ga-main-water-shutoff-valve-repair,0,17,0%,65.94
https://yohomefix.com/plumber-carefree-whole-house-repiping,0,17,0%,66.82
https://yohomefix.com/plumber-sandy-springs-faucet-repair,0,17,0%,67.24
https://yohomefix.com/plumber-palmetto-bay-sewer-line-repair,0,17,0%,70.71
https://yohomefix.com/plumber-palmetto-bay-water-softener-repair,0,17,0%,71.82
https://yohomefix.com/plumber-aurora-in-water-heater-repair,0,17,0%,87.35
https://yohomefix.com/plumber-wildwood-fl-water-heater-repair,0,16,0%,21.75
https://yohomefix.com/plumber-rogers-whole-house-repiping,0,16,0%,34.62
https://yohomefix.com/plumber-winter-park-toilet-repair,0,16,0%,36.44
https://yohomefix.com/plumber-galesburg-water-softener-repair,0,16,0%,40
https://yohomefix.com/plumber-auburn-ca-water-heater-repair,0,16,0%,42.31
https://yohomefix.com/plumber-south-bend-sewer-line-repair,0,16,0%,46.81
https://yohomefix.com/plumber-statham-drain-cleaning,0,16,0%,49.5
https://yohomefix.com/plumber-temple-city-sewer-line-repair,0,16,0%,50.31
https://yohomefix.com/plumber-winter-park-fl-toilet-repair,0,16,0%,51.38
https://yohomefix.com/plumber-lake-station-main-water-shutoff-valve-repair,0,16,0%,51.94
https://yohomefix.com/plumber-edmond-ks-drain-cleaning,0,16,0%,54.81
https://yohomefix.com/plumber-south-daytona-water-heater-repair,0,16,0%,60.38
https://yohomefix.com/plumber-poway-sewer-line-repair,0,16,0%,61.25
https://yohomefix.com/plumber-kingston-il-water-heater-repair,0,16,0%,61.75
https://yohomefix.com/plumber-winchester-ar-drain-cleaning,0,16,0%,68
https://yohomefix.com/plumber-keenesburg-drain-cleaning,0,16,0%,70
https://yohomefix.com/plumber-melbourne-beach-sewer-line-repair,0,16,0%,71.31
https://yohomefix.com/plumber-oviedo-whole-house-repiping,0,16,0%,72.69
https://yohomefix.com/plumber-austin-water-heater-repair,0,16,0%,78.94
https://yohomefix.com/plumber-seattle-water-heater-repair,0,16,0%,79.69
https://yohomefix.com/plumber-mesa-drain-cleaning,0,16,0%,85.31
https://yohomefix.com/plumber-coal-city-water-heater-repair,0,15,0%,9.87
https://yohomefix.com/plumber-indian-head-park-emergency,0,15,0%,15.33
https://yohomefix.com/plumber-minneapolis-ks-sump-pump-repair,0,15,0%,30.8
https://yohomefix.com/plumber-isleton-toilet-repair,0,15,0%,35
https://yohomefix.com/plumber-hutchinson-pipe-burst-repair,0,15,0%,40.47
https://yohomefix.com/plumber-san-jacinto-water-heater-repair,0,15,0%,40.8
https://yohomefix.com/plumber-henderson-ky-toilet-repair,0,15,0%,40.87
https://yohomefix.com/plumber-lantana-emergency,0,15,0%,45.87
https://yohomefix.com/plumber-lincoln-water-softener-repair,0,15,0%,46.8
https://yohomefix.com/plumber-crystal-lake-sump-pump-repair,0,15,0%,52
https://yohomefix.com/plumber-plant-city-water-heater-repair,0,15,0%,52.93
https://yohomefix.com/plumber-ashland-ky-water-heater-repair,0,15,0%,54.67
https://yohomefix.com/plumber-clermont-faucet-repair,0,15,0%,55.87
https://yohomefix.com/plumber-mission-viejo-garbage-disposal-repair,0,15,0%,58.87
https://yohomefix.com/plumber-demotte-water-line-repair,0,15,0%,60.13
https://yohomefix.com/plumber-richmond-sump-pump-repair,0,15,0%,60.8
https://yohomefix.com/plumber-menifee-toilet-repair,0,15,0%,60.93
https://yohomefix.com/plumber-alpharetta-sewer-line-repair,0,15,0%,61.13
https://yohomefix.com/plumber-sacramento-water-heater-repair,0,15,0%,80.6
https://yohomefix.com/plumber-goodfield-water-heater-repair,0,15,0%,80.93
https://yohomefix.com/plumber-morganville-leak-repair,0,15,0%,84.73
https://yohomefix.com/plumber-alpharetta-pipe-burst-repair,0,15,0%,85.53
https://yohomefix.com/plumber-port-wentworth-water-heater-repair,0,14,0%,13.86
https://yohomefix.com/plumber-vidalia-water-line-repair,0,14,0%,17.36
https://yohomefix.com/plumber-little-rock-emergency,0,14,0%,25.86
https://yohomefix.com/plumber-branson-faucet-repair,0,14,0%,29.71
https://yohomefix.com/plumber-littleton-toilet-repair,0,14,0%,33.57
https://yohomefix.com/plumber-greenwood-ar-pipe-burst-repair,0,14,0%,34.93
https://yohomefix.com/plumber-santa-cruz-emergency,0,14,0%,35.29
https://yohomefix.com/plumber-lagrange-water-line-repair,0,14,0%,41
https://yohomefix.com/plumber-lake-station-water-heater-repair,0,14,0%,47.57
https://yohomefix.com/plumber-monroe-la-drain-cleaning,0,14,0%,48.57
https://yohomefix.com/plumber-carson-city-slab-leak-repair,0,14,0%,50.07
https://yohomefix.com/plumber-huachuca-city-pipe-burst-repair,0,14,0%,50.07
https://yohomefix.com/plumber-maitland-leak-repair,0,14,0%,53.93
https://yohomefix.com/plumber-san-marcos-ca-leak-repair,0,14,0%,59.64
https://yohomefix.com/cost/new-york,0,14,0%,62.93
https://yohomefix.com/plumber-antioch-il-drain-cleaning,0,14,0%,64.43
https://yohomefix.com/plumber-sandy-springs-water-heater-repair,0,14,0%,66
https://yohomefix.com/plumber-concord-sewer-line-repair,0,14,0%,70.86
https://yohomefix.com/plumber-chula-vista-water-line-repair,0,14,0%,73.21
https://yohomefix.com/plumber-kansas-al-emergency,0,14,0%,74.79
https://yohomefix.com/plumber-kimberly-slab-leak-repair,0,14,0%,75.57
https://yohomefix.com/plumber-miami-lakes-drain-cleaning,0,14,0%,75.79
https://yohomefix.com/plumber-pinecrest-emergency,0,14,0%,76.93
https://yohomefix.com/plumber-morganville-pipe-burst-repair,0,14,0%,79.29
https://yohomefix.com/plumber-raleigh-water-heater-repair,0,14,0%,82.71
https://yohomefix.com/editorial-policy,0,13,0%,7.15
https://yohomefix.com/plumber-peotone-emergency,0,13,0%,8.77
https://yohomefix.com/areas/reno/89557/emergency,0,13,0%,11.38
https://yohomefix.com/plumber-meriden-drain-cleaning,0,13,0%,15.85
https://yohomefix.com/plumber-statesboro-emergency,0,13,0%,16.77
https://yohomefix.com/plumber-sarasota-drain-cleaning,0,13,0%,17.23
https://yohomefix.com/areas/reno/89439/whole-house-repiping,0,13,0%,17.85
https://yohomefix.com/plumber-forest-view-drain-cleaning,0,13,0%,19.46
https://yohomefix.com/plumber-east-dublin-water-heater-repair,0,13,0%,19.92
https://yohomefix.com/plumber-bonfield-water-heater-repair,0,13,0%,23
https://yohomefix.com/plumber-meriden-water-heater-repair,0,13,0%,24.46
https://yohomefix.com/plumber-herrin-water-heater-repair,0,13,0%,25.69
https://yohomefix.com/plumber-rathdrum-water-heater-repair,0,13,0%,27
https://yohomefix.com/plumber-stockton-emergency,0,13,0%,32.31
https://yohomefix.com/plumber-victorville-sewer-line-repair,0,13,0%,32.54
https://yohomefix.com/plumber-covington-la-drain-cleaning,0,13,0%,36
https://yohomefix.com/plumber-noblesville-leak-repair,0,13,0%,36.31
https://yohomefix.com/plumber-springfield-il-whole-house-repiping,0,13,0%,40.54
https://yohomefix.com/plumber-illinois,0,13,0%,43.77
https://yohomefix.com/plumber-hickory-hills-sewer-line-repair,0,13,0%,45.23
https://yohomefix.com/plumber-hebron-il-water-heater-repair,0,13,0%,47.23
https://yohomefix.com/plumber-pennsylvania,0,13,0%,49.46
https://yohomefix.com/plumber-franklin-ga-water-line-repair,0,13,0%,51.85
https://yohomefix.com/plumber-delray-beach-emergency,0,13,0%,52
https://yohomefix.com/plumber-big-bear-lake-water-heater-repair,0,13,0%,52.85
https://yohomefix.com/plumber-sierra-vista-water-line-repair,0,13,0%,61.31
https://yohomefix.com/plumber-sandy-springs-drain-cleaning,0,13,0%,64.15
https://yohomefix.com/plumber-snyder-ok-sewer-line-repair,0,13,0%,67.38
https://yohomefix.com/plumber-vestavia-hills-slab-leak-repair,0,13,0%,67.69
https://yohomefix.com/plumber-hammond-pipe-burst-repair,0,13,0%,70.77
https://yohomefix.com/plumber-spokane-sewer-line-repair,0,13,0%,71.23
https://yohomefix.com/plumber-temecula-leak-repair,0,13,0%,75.15
https://yohomefix.com/plumber-tamarac-water-heater-repair,0,13,0%,76.46
https://yohomefix.com/plumber-golden-drain-cleaning,0,13,0%,77.92
https://yohomefix.com/plumber-northfield-ky-faucet-repair,0,13,0%,81.92
https://yohomefix.com/plumber-lawtey-water-heater-repair,0,12,0%,10.58
https://yohomefix.com/plumber-jasper-ga-whole-house-repiping,0,12,0%,11.08
https://yohomefix.com/plumber-elwood-emergency,0,12,0%,13.83
https://yohomefix.com/plumber-highland-in-emergency,0,12,0%,14.67
https://yohomefix.com/plumber-sauk-village-whole-house-repiping,0,12,0%,16.25
https://yohomefix.com/plumber-san-luis-obispo-drain-cleaning,0,12,0%,18.17
https://yohomefix.com/plumber-grayslake-drain-cleaning,0,12,0%,26.17
https://yohomefix.com/plumber-mishawaka-whole-house-repiping,0,12,0%,27.17
https://yohomefix.com/plumber-east-dundee-emergency,0,12,0%,27.67
https://yohomefix.com/plumber-braintree-town-sewer-line-repair,0,12,0%,28.42
https://yohomefix.com/plumber-madisonville-leak-repair,0,12,0%,28.67
https://yohomefix.com/plumber-collinsville-emergency,0,12,0%,29.08
https://yohomefix.com/plumber-new-hope-al-water-heater-repair,0,12,0%,30.83
https://yohomefix.com/plumber-cedar-rapids-water-line-repair,0,12,0%,31
https://yohomefix.com/plumber-kingsburg-pipe-burst-repair,0,12,0%,31.58
https://yohomefix.com/plumber-moorpark-water-line-repair,0,12,0%,33.33
https://yohomefix.com/plumber-isleton-leak-repair,0,12,0%,34
https://yohomefix.com/plumber-hays-sewer-line-repair,0,12,0%,38.17
https://yohomefix.com/plumber-east-dundee-drain-cleaning,0,12,0%,39.25
https://yohomefix.com/plumber-cedar-bluff-water-heater-repair,0,12,0%,39.83
https://yohomefix.com/plumber-east-palo-alto-faucet-repair,0,12,0%,46.25
https://yohomefix.com/plumber-woodland-hills-ky-water-heater-repair,0,12,0%,46.67
https://yohomefix.com/plumber-bisbee-water-heater-repair,0,12,0%,47.75
https://yohomefix.com/plumber-roscoe-water-line-repair,0,12,0%,51.42
https://yohomefix.com/plumber-whiting-water-heater-repair,0,12,0%,54.33
https://yohomefix.com/plumber-alabaster-drain-cleaning,0,12,0%,56.08
https://yohomefix.com/plumber-lemon-grove-emergency,0,12,0%,57
https://yohomefix.com/plumber-san-pablo-leak-repair,0,12,0%,64.83
https://yohomefix.com/plumber-carson-city-whole-house-repiping,0,12,0%,65.92
https://yohomefix.com/plumber-albuquerque-sewer-line-repair,0,12,0%,68
https://yohomefix.com/plumber-fowlerton-whole-house-repiping,0,12,0%,72.33
https://yohomefix.com/plumber-concord-water-line-repair,0,12,0%,76.08
https://yohomefix.com/plumber-hammond-il-toilet-repair,0,12,0%,76.75
https://yohomefix.com/plumber-lake-station-sump-pump-repair,0,12,0%,79.67
https://yohomefix.com/plumber-birmingham-water-heater-repair,0,12,0%,79.92
https://yohomefix.com/plumber-hammond-faucet-repair,0,12,0%,82.33
https://yohomefix.com/plumber-morganville-slab-leak-repair,0,12,0%,88.5
https://yohomefix.com/media-kit,0,11,0%,3.27
https://yohomefix.com/why-trust-yohomefix,0,11,0%,9.09
https://yohomefix.com/plumber-seneca-il-water-heater-repair,0,11,0%,13.27
https://yohomefix.com/plumber-lily-lake-water-softener-repair,0,11,0%,24.09
https://yohomefix.com/plumber-columbia-city-main-water-shutoff-valve-repair,0,11,0%,25
https://yohomefix.com/plumber-capitola-water-line-repair,0,11,0%,25.91
https://yohomefix.com/plumber-colfax-ca-water-heater-repair,0,11,0%,27.55
https://yohomefix.com/plumber-knoxville-sump-pump-repair,0,11,0%,28.45
https://yohomefix.com/plumber-jeffersonville-whole-house-repiping,0,11,0%,29.36
https://yohomefix.com/plumber-punta-gorda-sewer-line-repair,0,11,0%,30.45
https://yohomefix.com/plumber-downey-emergency,0,11,0%,34.45
https://yohomefix.com/plumber-olathe-emergency,0,11,0%,34.73
https://yohomefix.com/plumber-kokomo-water-heater-repair,0,11,0%,38
https://yohomefix.com/plumber-west-dundee-water-heater-repair,0,11,0%,39
https://yohomefix.com/plumber-homewood-il-water-heater-repair,0,11,0%,39.18
https://yohomefix.com/plumber-flagstaff-water-line-repair,0,11,0%,39.91
https://yohomefix.com/plumber-parkdale-toilet-repair,0,11,0%,40.36
https://yohomefix.com/plumber-cedar-lake-sewer-line-repair,0,11,0%,41
https://yohomefix.com/plumber-fountain-hills-whole-house-repiping,0,11,0%,44.45
https://yohomefix.com/plumber/south-dakota/emergency,0,11,0%,44.91
https://yohomefix.com/plumber-santa-rosa-whole-house-repiping,0,11,0%,47
https://yohomefix.com/plumber-eureka-il-main-water-shutoff-valve-repair,0,11,0%,47.73
https://yohomefix.com/plumber-coweta-slab-leak-repair,0,11,0%,48.82
https://yohomefix.com/plumber-tifton-emergency,0,11,0%,50.18
https://yohomefix.com/plumber-satellite-beach-emergency,0,11,0%,50.55
https://yohomefix.com/plumber-south-bend-water-heater-repair,0,11,0%,51
https://yohomefix.com/plumber-foley-whole-house-repiping,0,11,0%,51.09
https://yohomefix.com/plumber-keenesburg-water-heater-repair,0,11,0%,52.09
https://yohomefix.com/plumber-elizabethtown-water-softener-repair,0,11,0%,52.91
https://yohomefix.com/plumber-antioch-il-water-softener-repair,0,11,0%,53.45
https://yohomefix.com/plumber-marlborough-emergency,0,11,0%,56.73
https://yohomefix.com/plumber-philadelphia-water-heater-repair,0,11,0%,58.36
https://yohomefix.com/plumber-atlanta-pipe-burst-repair,0,11,0%,59.18
https://yohomefix.com/plumber-alabaster-water-softener-repair,0,11,0%,60.09
https://yohomefix.com/plumber-nevada-city-sewer-line-repair,0,11,0%,60.36
https://yohomefix.com/plumber-east-chicago-leak-repair,0,11,0%,61.82
https://yohomefix.com/plumber-norwalk-sewer-line-repair,0,11,0%,62.09
https://yohomefix.com/plumber-menifee-drain-cleaning,0,11,0%,63.09
https://yohomefix.com/plumber-cicero-water-heater-repair,0,11,0%,64.09
https://yohomefix.com/plumber-perry-fl-toilet-repair,0,11,0%,65.45
https://yohomefix.com/plumber-brownsburg-faucet-repair,0,11,0%,65.91
https://yohomefix.com/plumber-rocklin-leak-repair,0,11,0%,66.36
https://yohomefix.com/plumber-pensacola-sewer-line-repair,0,11,0%,67.09
https://yohomefix.com/plumber-demotte-garbage-disposal-repair,0,11,0%,68.64
https://yohomefix.com/plumber-laguna-niguel-leak-repair,0,11,0%,71.45
https://yohomefix.com/plumber-mableton-toilet-repair,0,11,0%,72.64
https://yohomefix.com/plumber-laguna-beach-faucet-repair,0,11,0%,76.64
https://yohomefix.com/plumber-charlotte-water-line-repair,0,11,0%,77.36
https://yohomefix.com/plumber-lynwood-ca-toilet-repair,0,11,0%,78.18
https://yohomefix.com/plumber-carefree-water-heater-repair,0,11,0%,80.36
https://yohomefix.com/plumber-huntsville-water-heater-repair,0,11,0%,83.36
https://yohomefix.com/plumber-charlotte-pipe-burst-repair,0,11,0%,87.91
https://yohomefix.com/plumber-hammond-la-water-line-repair,0,11,0%,88.36
https://yohomefix.com/terms-of-service,0,10,0%,5.7
https://yohomefix.com/plumber-reece-city-drain-cleaning,0,10,0%,7.3
https://yohomefix.com/plumber-fort-valley-water-heater-repair,0,10,0%,8.4
https://yohomefix.com/plumber-crescent-city-ca-pipe-burst-repair,0,10,0%,8.7
https://yohomefix.com/plumber-fisher-la-water-heater-repair,0,10,0%,10.5
https://yohomefix.com/plumber-hagerstown-water-line-repair,0,10,0%,14.4
https://yohomefix.com/plumber-crystal-river-sewer-line-repair,0,10,0%,17.8
https://yohomefix.com/plumber-mayfield-ks-toilet-repair,0,10,0%,20.9
https://yohomefix.com/plumber-new-bedford-emergency,0,10,0%,22.1
https://yohomefix.com/plumber-batavia-drain-cleaning,0,10,0%,24.8
https://yohomefix.com/plumber-la-quinta-water-heater-repair,0,10,0%,31.4
https://yohomefix.com/plumber-flowery-branch-sewer-line-repair,0,10,0%,31.6
https://yohomefix.com/plumber-oneida-ks-toilet-repair,0,10,0%,32.9
https://yohomefix.com/plumber-lake-charles-water-heater-repair,0,10,0%,33.2
https://yohomefix.com/plumber-glasgow-water-softener-repair,0,10,0%,33.5
https://yohomefix.com/plumber-lincoln-whole-house-repiping,0,10,0%,33.5
https://yohomefix.com/plumber-winter-springs-water-heater-repair,0,10,0%,33.6
https://yohomefix.com/plumber-dayton-in-whole-house-repiping,0,10,0%,35.5
https://yohomefix.com/plumber-hazel-crest-toilet-repair,0,10,0%,36
https://yohomefix.com/plumber-san-luis-obispo-faucet-repair,0,10,0%,39.3
https://yohomefix.com/plumber-diamond-bar-faucet-repair,0,10,0%,39.9
https://yohomefix.com/plumber-glasgow-water-heater-repair,0,10,0%,44.3
https://yohomefix.com/plumber-millbrae-emergency,0,10,0%,49.8
https://yohomefix.com/plumber-antioch-il-faucet-repair,0,10,0%,52.9
https://yohomefix.com/plumber-poway-water-softener-repair,0,10,0%,55.4
https://yohomefix.com/plumber-overland-park-sewer-line-repair,0,10,0%,55.7
https://yohomefix.com/plumber-mendota-drain-cleaning,0,10,0%,56.2
https://yohomefix.com/plumber-nashville-faucet-repair,0,10,0%,59.5
https://yohomefix.com/plumber-palos-heights-garbage-disposal-repair,0,10,0%,60.1
https://yohomefix.com/plumber-fort-pierce-water-line-repair,0,10,0%,60.7
https://yohomefix.com/plumber-auburn-ca-drain-cleaning,0,10,0%,63.7
https://yohomefix.com/plumber-powell-al-water-heater-repair,0,10,0%,66
https://yohomefix.com/plumber-cape-coral-water-heater-repair,0,10,0%,66.4
https://yohomefix.com/plumber-lawrenceville-leak-repair,0,10,0%,67.2
https://yohomefix.com/plumber-houston-sewer-line-repair,0,10,0%,67.4
https://yohomefix.com/plumber-minneapolis-leak-repair,0,10,0%,67.9
https://yohomefix.com/plumber-broken-arrow-sewer-line-repair,0,10,0%,68.3
https://yohomefix.com/plumber-rancho-cucamonga-toilet-repair,0,10,0%,68.4
https://yohomefix.com/plumber-fort-myers-beach-emergency,0,10,0%,70.3
https://yohomefix.com/plumber-hialeah-gardens-whole-house-repiping,0,10,0%,70.9
https://yohomefix.com/areas/las-vegas/89145/garbage-disposal-repair,0,10,0%,71.4
https://yohomefix.com/plumber-royston-pipe-burst-repair,0,10,0%,75.7
https://yohomefix.com/plumber-denver-water-heater-repair,0,10,0%,76
https://yohomefix.com/plumber-hogansville-pipe-burst-repair,0,10,0%,78.6
https://yohomefix.com/plumber-westminster-leak-repair,0,10,0%,78.7
https://yohomefix.com/plumber/north-carolina/pipe-burst-repair,0,10,0%,79.3
https://yohomefix.com/plumber-chesterfield-il-water-heater-repair,0,10,0%,79.7
https://yohomefix.com/plumber-kenner-pipe-burst-repair,0,10,0%,81.1
https://yohomefix.com/plumber-tamarac-water-softener-repair,0,10,0%,81.1
https://yohomefix.com/plumber-san-fernando-drain-cleaning,0,10,0%,82
https://yohomefix.com/plumber-south-hutchinson-water-line-repair,0,10,0%,85.4
https://yohomefix.com/plumber-edmonton-emergency,0,10,0%,86.6
https://yohomefix.com/plumber-medina-water-line-repair,0,10,0%,87.6
https://yohomefix.com/plumber-calabasas-leak-repair,0,10,0%,89.1
https://yohomefix.com/plumber-leighton-leak-repair,0,9,0%,6.33
https://yohomefix.com/plumber-elko-emergency,0,9,0%,10
https://yohomefix.com/plumber-frankton-water-heater-repair,0,9,0%,15.89
https://yohomefix.com/areas/elko/89801/garbage-disposal-repair,0,9,0%,16.44
https://yohomefix.com/plumber-centerville-ga-leak-repair,0,9,0%,17.78
https://yohomefix.com/plumber-crest-hill-main-water-shutoff-valve-repair,0,9,0%,20.22
https://yohomefix.com/plumber-tucker-drain-cleaning,0,9,0%,23.67
https://yohomefix.com/plumber-sebring-water-heater-repair,0,9,0%,23.78
https://yohomefix.com/plumber-la-quinta-sewer-line-repair,0,9,0%,25.22
https://yohomefix.com/plumber-isleton-sewer-line-repair,0,9,0%,26.89
https://yohomefix.com/plumber-townsend-de-water-heater-repair,0,9,0%,27
https://yohomefix.com/plumber-los-banos-sewer-line-repair,0,9,0%,27.22
https://yohomefix.com/plumber-wheeling-il-leak-repair,0,9,0%,28
https://yohomefix.com/plumber-riverton-il-water-heater-repair,0,9,0%,28.89
https://yohomefix.com/plumber-dolton-drain-cleaning,0,9,0%,29.56
https://yohomefix.com/plumber-north-riverside-leak-repair,0,9,0%,30.89
https://yohomefix.com/plumber-jeffersontown-drain-cleaning,0,9,0%,31.22
https://yohomefix.com/plumber-westlake-la-toilet-repair,0,9,0%,31.22
https://yohomefix.com/plumber-grayslake-water-heater-repair,0,9,0%,34.22
https://yohomefix.com/plumber-ford-heights-water-softener-repair,0,9,0%,34.67
https://yohomefix.com/plumber-bluffton-in-water-heater-repair,0,9,0%,35.44
https://yohomefix.com/plumber-countryside-water-softener-repair,0,9,0%,36.89
https://yohomefix.com/plumber-columbus-ga-water-line-repair,0,9,0%,37
https://yohomefix.com/plumber-lake-station-leak-repair,0,9,0%,38.33
https://yohomefix.com/plumber-lisle-emergency,0,9,0%,39.33
https://yohomefix.com/plumber-harlem-garbage-disposal-repair,0,9,0%,39.89
https://yohomefix.com/plumber-micanopy-pipe-burst-repair,0,9,0%,42.11
https://yohomefix.com/plumber-toronto-sd-main-water-shutoff-valve-repair,0,9,0%,43.22
https://yohomefix.com/plumber-crown-point-leak-repair,0,9,0%,44.67
https://yohomefix.com/plumber-tacoma-emergency,0,9,0%,45.22
https://yohomefix.com/plumber-panama-city-beach-leak-repair,0,9,0%,48.44
https://yohomefix.com/plumber-glencoe-il-water-heater-repair,0,9,0%,48.89
https://yohomefix.com/plumber-redlands-sewer-line-repair,0,9,0%,48.89
https://yohomefix.com/plumber-roland-toilet-repair,0,9,0%,49.22
https://yohomefix.com/plumber-deer-grove-water-softener-repair,0,9,0%,50
https://yohomefix.com/plumber-hillsborough-water-heater-repair,0,9,0%,50.33
https://yohomefix.com/plumber-oakley-water-line-repair,0,9,0%,53.44
https://yohomefix.com/plumber-morgan-hill-sewer-line-repair,0,9,0%,55.44
https://yohomefix.com/plumber-norman-sewer-line-repair,0,9,0%,56
https://yohomefix.com/plumber-haviland-drain-cleaning,0,9,0%,56.56
https://yohomefix.com/plumber-fitzgerald-drain-cleaning,0,9,0%,57.67
https://yohomefix.com/plumber-decatur-il-water-line-repair,0,9,0%,58
https://yohomefix.com/plumber-st-cloud-fl-main-water-shutoff-valve-repair,0,9,0%,58.11
https://yohomefix.com/plumber-minden-leak-repair,0,9,0%,58.89
https://yohomefix.com/plumber-lake-forest-water-heater-repair,0,9,0%,59.67
https://yohomefix.com/areas/las-vegas/89107/emergency,0,9,0%,61.11
https://yohomefix.com/plumber-milwaukee-water-heater-repair,0,9,0%,61.44
https://yohomefix.com/plumber-jonesboro-in-drain-cleaning,0,9,0%,62
https://yohomefix.com/plumber-santee-leak-repair,0,9,0%,63.56
https://yohomefix.com/plumber-columbus-ga-faucet-repair,0,9,0%,63.78
https://yohomefix.com/plumber-sierra-vista-leak-repair,0,9,0%,64.22
https://yohomefix.com/plumber-melbourne-beach-whole-house-repiping,0,9,0%,64.78
https://yohomefix.com/plumber-hesperia-slab-leak-repair,0,9,0%,67.78
https://yohomefix.com/plumber-lyons-emergency,0,9,0%,70.44
https://yohomefix.com/plumber-benson-drain-cleaning,0,9,0%,71.33
https://yohomefix.com/plumber-elk-grove-village-sewer-line-repair,0,9,0%,71.56
https://yohomefix.com/plumber-tifton-leak-repair,0,9,0%,72.22
https://yohomefix.com/plumber-streator-drain-cleaning,0,9,0%,72.89
https://yohomefix.com/plumber-imperial-beach-faucet-repair,0,9,0%,74.11
https://yohomefix.com/plumber-el-dorado-water-heater-repair,0,9,0%,74.56
https://yohomefix.com/plumber-brighton-water-line-repair,0,9,0%,75.44
https://yohomefix.com/plumber-dupont-in-water-softener-repair,0,9,0%,75.67
https://yohomefix.com/plumber-brookhaven-ga-faucet-repair,0,9,0%,76.78
https://yohomefix.com/plumber-wilton-ar-leak-repair,0,9,0%,78
https://yohomefix.com/plumber-san-fernando-leak-repair,0,9,0%,78.89
https://yohomefix.com/plumber-south-san-francisco-emergency,0,9,0%,79
https://yohomefix.com/plumber-reno-sump-pump-repair,0,9,0%,79.11
https://yohomefix.com/plumber-scottsdale-leak-repair,0,9,0%,80.11
https://yohomefix.com/plumber-west-melbourne-pipe-burst-repair,0,9,0%,80.56
https://yohomefix.com/plumber-murrieta-water-softener-repair,0,9,0%,81.11
https://yohomefix.com/plumber-mer-rouge-water-heater-repair,0,9,0%,84.78
https://yohomefix.com/plumber-lowell-water-line-repair,0,9,0%,86.78
https://yohomefix.com/plumber-hickman-sump-pump-repair,0,9,0%,87.89
https://yohomefix.com/plumber-colorado-springs-water-heater-repair,0,9,0%,92.44
https://yohomefix.com/plumber-coosada-water-softener-repair,0,8,0%,10.75
https://yohomefix.com/plumber-simpsonville-ky-water-heater-repair,0,8,0%,10.88
https://yohomefix.com/plumber-danville-in-emergency,0,8,0%,11.25
https://yohomefix.com/plumber-quincy-fl-drain-cleaning,0,8,0%,11.25
https://yohomefix.com/areas/sharpsburg-md/21782/water-heater-repair,0,8,0%,11.5
https://yohomefix.com/plumber-rincon-emergency,0,8,0%,12.88
https://yohomefix.com/plumber-bluffton-in-leak-repair,0,8,0%,13
https://yohomefix.com/plumber-ottertail-water-heater-repair,0,8,0%,13
https://yohomefix.com/plumber-crestwood-water-heater-repair,0,8,0%,13.75
https://yohomefix.com/plumber-kankakee-emergency,0,8,0%,14.38
https://yohomefix.com/plumber-easthampton-emergency,0,8,0%,14.75
https://yohomefix.com/plumber-waco-ga-toilet-repair,0,8,0%,16.25
https://yohomefix.com/plumber-st-michaels-water-heater-repair,0,8,0%,16.38
https://yohomefix.com/plumber-dewey-humboldt-water-heater-repair,0,8,0%,17.88
https://yohomefix.com/plumber-davenport-fl-drain-cleaning,0,8,0%,19
https://yohomefix.com/plumber-waldo-fl-water-heater-repair,0,8,0%,19.38
https://yohomefix.com/plumber-san-rafael-emergency,0,8,0%,21
https://yohomefix.com/plumber-petaluma-drain-cleaning,0,8,0%,22.12
https://yohomefix.com/plumber-tustin-emergency,0,8,0%,22.75
https://yohomefix.com/plumber-buffalo-grove-emergency,0,8,0%,26.88
https://yohomefix.com/plumber-weymouth-town-emergency,0,8,0%,27.25
https://yohomefix.com/plumber-aliso-viejo-water-line-repair,0,8,0%,30.25
https://yohomefix.com/plumber-midway-ky-water-heater-repair,0,8,0%,30.25
https://yohomefix.com/plumber-georgetown-ky-water-line-repair,0,8,0%,30.88
https://yohomefix.com/plumber-perris-emergency,0,8,0%,31.25
https://yohomefix.com/plumber-shively-water-line-repair,0,8,0%,32
https://yohomefix.com/plumber-ponca-city-water-heater-repair,0,8,0%,32.88
https://yohomefix.com/plumber-hinsdale-water-line-repair,0,8,0%,34.5
https://yohomefix.com/plumber-greenwood-ar-faucet-repair,0,8,0%,36
https://yohomefix.com/plumber-fayetteville-ga-water-line-repair,0,8,0%,40.62
https://yohomefix.com/plumber-alsip-faucet-repair,0,8,0%,41.88
https://yohomefix.com/plumber-remington-drain-cleaning,0,8,0%,44.88
https://yohomefix.com/plumber-madisonville-water-softener-repair,0,8,0%,45.75
https://yohomefix.com/plumber-quincy-fl-toilet-repair,0,8,0%,45.75
https://yohomefix.com/plumber-oakland-park-leak-repair,0,8,0%,50.75
https://yohomefix.com/plumber-sierra-madre-water-softener-repair,0,8,0%,51.75
https://yohomefix.com/plumber-muldrow-main-water-shutoff-valve-repair,0,8,0%,52.12
https://yohomefix.com/plumber-frankfort-faucet-repair,0,8,0%,52.5
https://yohomefix.com/plumber-quincy-drain-cleaning,0,8,0%,52.75
https://yohomefix.com/plumber-laguna-niguel-drain-cleaning,0,8,0%,54.12
https://yohomefix.com/plumber-micanopy-whole-house-repiping,0,8,0%,56.5
https://yohomefix.com/plumber-glasgow-leak-repair,0,8,0%,56.62
https://yohomefix.com/plumber-rosedale-ok-water-heater-repair,0,8,0%,57.38
https://yohomefix.com/plumber-orinda-sewer-line-repair,0,8,0%,58.38
https://yohomefix.com/plumber-hoover-sewer-line-repair,0,8,0%,59.38
https://yohomefix.com/plumber-san-dimas-leak-repair,0,8,0%,59.88
https://yohomefix.com/plumber-vista-slab-leak-repair,0,8,0%,60.5
https://yohomefix.com/plumber-champaign-water-softener-repair,0,8,0%,61.38
https://yohomefix.com/plumber-waterbury-water-heater-repair,0,8,0%,63.88
https://yohomefix.com/plumber-national-city-water-line-repair,0,8,0%,65.38
https://yohomefix.com/plumber-plant-city-water-line-repair,0,8,0%,65.62
https://yohomefix.com/plumber-columbus-ga-sump-pump-repair,0,8,0%,65.88
https://yohomefix.com/plumber-centralhatchee-pipe-burst-repair,0,8,0%,66
https://yohomefix.com/cost/dallas,0,8,0%,66.25
https://yohomefix.com/plumber-cocoa-main-water-shutoff-valve-repair,0,8,0%,66.25
https://yohomefix.com/plumber-bisbee-sewer-line-repair,0,8,0%,67.38
https://yohomefix.com/plumber-east-chicago-slab-leak-repair,0,8,0%,69.25
https://yohomefix.com/plumber-chesterton-sewer-line-repair,0,8,0%,71
https://yohomefix.com/plumber-mount-rainier-emergency,0,8,0%,71
https://yohomefix.com/plumber-south-pasadena-whole-house-repiping,0,8,0%,72
https://yohomefix.com/plumber-burbank-faucet-repair,0,8,0%,72.25
https://yohomefix.com/plumber-sierra-vista-main-water-shutoff-valve-repair,0,8,0%,73.62
https://yohomefix.com/plumber-san-antonio-water-heater-repair,0,8,0%,73.75
https://yohomefix.com/plumber-ashford-garbage-disposal-repair,0,8,0%,76.75
https://yohomefix.com/plumber-gurnee-water-heater-repair,0,8,0%,77.12
https://yohomefix.com/plumber-post-falls-garbage-disposal-repair,0,8,0%,79
https://yohomefix.com/plumber-temecula-whole-house-repiping,0,8,0%,79.62
https://yohomefix.com/plumber-lakeland-toilet-repair,0,8,0%,81.75
https://yohomefix.com/plumber-durham-water-softener-repair,0,8,0%,82.12
https://yohomefix.com/plumber-gateway-whole-house-repiping,0,8,0%,82.38
https://yohomefix.com/areas/baltimore/21230/sewer-line-repair,0,8,0%,84.12
https://yohomefix.com/plumber-indianapolis-city-water-heater-repair,0,8,0%,84.75
https://yohomefix.com/plumber/washington/emergency,0,8,0%,85.5
https://yohomefix.com/plumber-washburn-il-water-heater-repair,0,8,0%,85.75
https://yohomefix.com/plumber-dublin-ca-water-heater-repair,0,8,0%,86.38
https://yohomefix.com/plumber-fort-worth-main-water-shutoff-valve-repair,0,8,0%,91.62
https://yohomefix.com/plumber-arco-emergency,0,7,0%,4.71
https://yohomefix.com/plumber-opp-sewer-line-repair,0,7,0%,5
https://yohomefix.com/plumber-reidsville-ga-main-water-shutoff-valve-repair,0,7,0%,5.29
https://yohomefix.com/plumber-sellersburg-emergency,0,7,0%,6.71
https://yohomefix.com/plumber-wauchula-pipe-burst-repair,0,7,0%,7
https://yohomefix.com/plumber-argonia-drain-cleaning,0,7,0%,7.71
https://yohomefix.com/faq,0,7,0%,10.57
https://yohomefix.com/plumber-ocilla-garbage-disposal-repair,0,7,0%,11.29
https://yohomefix.com/plumber-prattville-water-heater-repair,0,7,0%,12.14
https://yohomefix.com/plumber-opelika-water-heater-repair,0,7,0%,13.86
https://yohomefix.com/plumber-surfside-drain-cleaning,0,7,0%,14.29
https://yohomefix.com/plumber-creve-coeur-il-water-softener-repair,0,7,0%,14.86
https://yohomefix.com/plumber-cullman-drain-cleaning,0,7,0%,16
https://yohomefix.com/plumber-wildwood-fl-drain-cleaning,0,7,0%,16.43
https://yohomefix.com/plumber-elko-toilet-repair,0,7,0%,18.71
https://yohomefix.com/plumber-west-siloam-springs-water-heater-repair,0,7,0%,18.71
https://yohomefix.com/plumber-custer-city-water-softener-repair,0,7,0%,19.86
https://yohomefix.com/plumber-chevy-chase-view-water-heater-repair,0,7,0%,21.14
https://yohomefix.com/plumber-clarksville-in-leak-repair,0,7,0%,21.14
https://yohomefix.com/plumber-pittsboro-in-water-line-repair,0,7,0%,21.86
https://yohomefix.com/plumber-angola-emergency,0,7,0%,22.43
https://yohomefix.com/plumber-pratt-sump-pump-repair,0,7,0%,22.43
https://yohomefix.com/plumber-collinsville-faucet-repair,0,7,0%,22.86
https://yohomefix.com/plumber-round-lake-water-heater-repair,0,7,0%,23.14
https://yohomefix.com/plumber-port-st.-lucie-emergency,0,7,0%,23.29
https://yohomefix.com/plumber-fort-payne-water-heater-repair,0,7,0%,23.86
https://yohomefix.com/plumber-decatur-in-sewer-line-repair,0,7,0%,24.43
https://yohomefix.com/plumber-clovis-drain-cleaning,0,7,0%,24.86
https://yohomefix.com/plumber-folsom-main-water-shutoff-valve-repair,0,7,0%,24.86
https://yohomefix.com/plumber-greensboro-pipe-burst-repair,0,7,0%,24.86
https://yohomefix.com/plumber-dixmoor-toilet-repair,0,7,0%,25.86
https://yohomefix.com/plumber-north-chevy-chase-water-heater-repair,0,7,0%,27.57
https://yohomefix.com/plumber-new-london-ct-main-water-shutoff-valve-repair,0,7,0%,28.43
https://yohomefix.com/plumber-indian-head-park-garbage-disposal-repair,0,7,0%,28.86
https://yohomefix.com/plumber-north-chevy-chase-drain-cleaning,0,7,0%,30
https://yohomefix.com/plumber-coronado-emergency,0,7,0%,31.43
https://yohomefix.com/plumber-kingsburg-water-line-repair,0,7,0%,31.43
https://yohomefix.com/plumber-oneida-ks-water-heater-repair,0,7,0%,32.71
https://yohomefix.com/plumber-la-puente-water-heater-repair,0,7,0%,32.86
https://yohomefix.com/plumber-cottonwood-water-heater-repair,0,7,0%,34
https://yohomefix.com/plumber-broadview-whole-house-repiping,0,7,0%,35
https://yohomefix.com/plumber-homestead-emergency,0,7,0%,36.29
https://yohomefix.com/plumber-norman-ar-sump-pump-repair,0,7,0%,36.57
https://yohomefix.com/plumber-opelika-water-line-repair,0,7,0%,37
https://yohomefix.com/plumber-baltimore-toilet-repair,0,7,0%,38.14
https://yohomefix.com/plumber-south-pasadena-drain-cleaning,0,7,0%,38.71
https://yohomefix.com/plumber-lombard-water-line-repair,0,7,0%,39.29
https://yohomefix.com/plumber-winona-lake-faucet-repair,0,7,0%,39.29
https://yohomefix.com/plumber-vestavia-hills-drain-cleaning,0,7,0%,41.29
https://yohomefix.com/plumber-forest-park-drain-cleaning,0,7,0%,41.43
https://yohomefix.com/areas/las-vegas/89110/garbage-disposal-repair,0,7,0%,42
https://yohomefix.com/plumber-midway-ky-water-line-repair,0,7,0%,42.43
https://yohomefix.com/plumber-davenport-fl-water-heater-repair,0,7,0%,42.57
https://yohomefix.com/plumber-san-dimas-water-line-repair,0,7,0%,43.14
https://yohomefix.com/plumber-conway-leak-repair,0,7,0%,43.29
https://yohomefix.com/plumber-egypt-water-heater-repair,0,7,0%,43.43
https://yohomefix.com/plumber-morgan-hill-emergency,0,7,0%,43.71
https://yohomefix.com/plumber-sierra-vista-emergency,0,7,0%,44
https://yohomefix.com/plumber-overland-park-whole-house-repiping,0,7,0%,44.14
https://yohomefix.com/plumber-calumet-city-emergency,0,7,0%,45.57
https://yohomefix.com/plumber-yuma-leak-repair,0,7,0%,47.71
https://yohomefix.com/plumber-moorpark-leak-repair,0,7,0%,48.86
https://yohomefix.com/plumber-arcadia-water-softener-repair,0,7,0%,50.57
https://yohomefix.com/plumber-huachuca-city-garbage-disposal-repair,0,7,0%,52
https://yohomefix.com/plumber-manhattan-beach-toilet-repair,0,7,0%,52.14
https://yohomefix.com/plumber-lighthouse-point-water-line-repair,0,7,0%,53
https://yohomefix.com/plumber-zionsville-water-softener-repair,0,7,0%,53.71
https://yohomefix.com/plumber-gainesville-ga-sewer-line-repair,0,7,0%,55
https://yohomefix.com/plumber-south-gate-drain-cleaning,0,7,0%,55.43
https://yohomefix.com/plumber-greenville-ga-sump-pump-repair,0,7,0%,56.86
https://yohomefix.com/plumber-milpitas-leak-repair,0,7,0%,58.71
https://yohomefix.com/plumber-yukon-leak-repair,0,7,0%,59.71
https://yohomefix.com/plumber-frankfort-in-sewer-line-repair,0,7,0%,59.86
https://yohomefix.com/plumber-wayzata-drain-cleaning,0,7,0%,60
https://yohomefix.com/plumber-temecula-emergency,0,7,0%,61
https://yohomefix.com/cost/austin,0,7,0%,61.57
https://yohomefix.com/plumber-claremore-drain-cleaning,0,7,0%,61.86
https://yohomefix.com/plumber-chicago-drain-cleaning,0,7,0%,63.14
https://yohomefix.com/plumber-brentwood-ca-water-line-repair,0,7,0%,64
https://yohomefix.com/plumber-cocoa-beach-leak-repair,0,7,0%,64.86
https://yohomefix.com/plumber-lake-mary-leak-repair,0,7,0%,66
https://yohomefix.com/plumber-indianapolis-pipe-burst-repair,0,7,0%,66.14
https://yohomefix.com/plumber-richmond-whole-house-repiping,0,7,0%,66.86
https://yohomefix.com/plumber-plantation-water-heater-repair,0,7,0%,67
https://yohomefix.com/plumber-steamboat-springs-toilet-repair,0,7,0%,67.29
https://yohomefix.com/plumber-broken-arrow-whole-house-repiping,0,7,0%,68.57
https://yohomefix.com/plumber-st-cloud-leak-repair,0,7,0%,69.43
https://yohomefix.com/plumber-orland-park-sewer-line-repair,0,7,0%,71
https://yohomefix.com/plumber-encinitas-sewer-line-repair,0,7,0%,72.43
https://yohomefix.com/plumber-trenton-ga-water-heater-repair,0,7,0%,72.57
https://yohomefix.com/plumber-laguna-beach-whole-house-repiping,0,7,0%,73
https://yohomefix.com/plumber-toronto-sd-water-heater-repair,0,7,0%,74.43
https://yohomefix.com/plumber-plant-city-water-softener-repair,0,7,0%,75.71
https://yohomefix.com/plumber-ocala-main-water-shutoff-valve-repair,0,7,0%,76
https://yohomefix.com/plumber-albuquerque-drain-cleaning,0,7,0%,76.14
https://yohomefix.com/plumber-rockledge-main-water-shutoff-valve-repair,0,7,0%,77
https://yohomefix.com/plumber-loomis-toilet-repair,0,7,0%,78.43
https://yohomefix.com/plumber-seminole-fl-faucet-repair,0,7,0%,78.43
https://yohomefix.com/plumber-kansas-city-sewer-line-repair,0,7,0%,78.57
https://yohomefix.com/plumber-ashford-toilet-repair,0,7,0%,79.71
https://yohomefix.com/plumber-bradenton-sewer-line-repair,0,7,0%,79.71
https://yohomefix.com/plumber-houston-garbage-disposal-repair,0,7,0%,80.43
https://yohomefix.com/plumber-hurst-il-water-heater-repair,0,7,0%,81.14
https://yohomefix.com/plumber-hobart-in-faucet-repair,0,7,0%,82.29
https://yohomefix.com/areas/baltimore/21239/sewer-line-repair,0,7,0%,83.14
https://yohomefix.com/plumber-north-middletown-emergency,0,7,0%,86.57
https://yohomefix.com/plumber-north-palm-beach-leak-repair,0,7,0%,88.86
https://yohomefix.com/plumber-elton-drain-cleaning,0,6,0%,4.5
https://yohomefix.com/plumber-waterproof-drain-cleaning,0,6,0%,5
https://yohomefix.com/plumber-phil-campbell-pipe-burst-repair,0,6,0%,5.83
https://yohomefix.com/plumber-mcdonald-ks-emergency,0,6,0%,6
https://yohomefix.com/plumber-devol-drain-cleaning,0,6,0%,6.83
https://yohomefix.com/guides,0,6,0%,8
https://yohomefix.com/plumber-clay-drain-cleaning,0,6,0%,8.33
https://yohomefix.com/plumber-oronoco-water-heater-repair,0,6,0%,9.67
https://yohomefix.com/plumber-goshen-ar-drain-cleaning,0,6,0%,12
https://yohomefix.com/plumber-calistoga-pipe-burst-repair,0,6,0%,12.83
https://yohomefix.com/plumber-ball-ground-main-water-shutoff-valve-repair,0,6,0%,13.17
https://yohomefix.com/plumber-centertown-ky-water-line-repair,0,6,0%,13.83
https://yohomefix.com/plumber-winchester-ky-leak-repair,0,6,0%,14.17
https://yohomefix.com/plumber-griffin-emergency,0,6,0%,14.83
https://yohomefix.com/plumber-stafford-ks-drain-cleaning,0,6,0%,15.83
https://yohomefix.com/plumber-san-anselmo-emergency,0,6,0%,16
https://yohomefix.com/plumber-welaka-water-heater-repair,0,6,0%,17.33
https://yohomefix.com/plumber-kildeer-main-water-shutoff-valve-repair,0,6,0%,17.5
https://yohomefix.com/plumber-la-verne-water-line-repair,0,6,0%,17.67
https://yohomefix.com/plumber-pendergrass-water-line-repair,0,6,0%,17.83
https://yohomefix.com/plumber-missoula-water-line-repair,0,6,0%,18
https://yohomefix.com/plumber-rye-emergency,0,6,0%,18
https://yohomefix.com/plumber-rio-vista-faucet-repair,0,6,0%,18.33
https://yohomefix.com/areas/baltimore/21207/water-softener-repair,0,6,0%,18.83
https://yohomefix.com/plumber-deltona-drain-cleaning,0,6,0%,19
https://yohomefix.com/plumber-homewood-il-pipe-burst-repair,0,6,0%,20.17
https://yohomefix.com/plumber-rifle-water-line-repair,0,6,0%,21.5
https://yohomefix.com/plumber-pratt-sewer-line-repair,0,6,0%,21.83
https://yohomefix.com/plumber-charleston-il-toilet-repair,0,6,0%,22
https://yohomefix.com/plumber-auburn-in-main-water-shutoff-valve-repair,0,6,0%,22.33
https://yohomefix.com/plumber-belleville-emergency,0,6,0%,23.33
https://yohomefix.com/plumber-cornelia-water-heater-repair,0,6,0%,23.33
https://yohomefix.com/plumber-hillside-drain-cleaning,0,6,0%,23.67
https://yohomefix.com/plumber-palmetto-sewer-line-repair,0,6,0%,24.33
https://yohomefix.com/plumber-algonquin-sewer-line-repair,0,6,0%,25.17
https://yohomefix.com/plumber-walnut-water-heater-repair,0,6,0%,25.17
https://yohomefix.com/plumber-temple-terrace-garbage-disposal-repair,0,6,0%,26.67
https://yohomefix.com/plumber-frankfort-leak-repair,0,6,0%,26.83
https://yohomefix.com/plumber-san-jacinto-main-water-shutoff-valve-repair,0,6,0%,27
https://yohomefix.com/plumber-merrionette-park-water-softener-repair,0,6,0%,27.5
https://yohomefix.com/plumber-bardstown-water-heater-repair,0,6,0%,29
https://yohomefix.com/plumber-bennett-water-heater-repair,0,6,0%,29.17
https://yohomefix.com/plumber-arcadia-fl-leak-repair,0,6,0%,29.5
https://yohomefix.com/plumber-polk-city-fl-sewer-line-repair,0,6,0%,30.83
https://yohomefix.com/plumber-forest-view-emergency,0,6,0%,31.17
https://yohomefix.com/plumber-portage-in-whole-house-repiping,0,6,0%,31.17
https://yohomefix.com/plumber-smiths-grove-water-line-repair,0,6,0%,31.33
https://yohomefix.com/plumber-eureka-whole-house-repiping,0,6,0%,31.83
https://yohomefix.com/plumber-loveland-sump-pump-repair,0,6,0%,33.83
https://yohomefix.com/plumber-revere-drain-cleaning,0,6,0%,35.17
https://yohomefix.com/plumber-urbana-leak-repair,0,6,0%,35.5
https://yohomefix.com/plumber-hollis-water-heater-repair,0,6,0%,36.5
https://yohomefix.com/plumber-sanford-fl-drain-cleaning,0,6,0%,38
https://yohomefix.com/cost/chicago,0,6,0%,39.17
https://yohomefix.com/plumber-oakley-id-garbage-disposal-repair,0,6,0%,39.33
https://yohomefix.com/plumber-east-dundee-leak-repair,0,6,0%,39.67
https://yohomefix.com/plumber-burlington-il-sump-pump-repair,0,6,0%,40.5
https://yohomefix.com/plumber-fox-lake-leak-repair,0,6,0%,41.17
https://yohomefix.com/plumber-houston-sump-pump-repair,0,6,0%,41.17
https://yohomefix.com/plumber-petaluma-sewer-line-repair,0,6,0%,42.17
https://yohomefix.com/plumber-estero-emergency,0,6,0%,42.33
https://yohomefix.com/plumber-decatur-in-pipe-burst-repair,0,6,0%,43
https://yohomefix.com/plumber-leo-cedarville-slab-leak-repair,0,6,0%,43.67
https://yohomefix.com/plumber-marlborough-water-heater-repair,0,6,0%,44.5
https://yohomefix.com/plumber-lawndale-emergency,0,6,0%,45
https://yohomefix.com/plumber-warrior-drain-cleaning,0,6,0%,45.17
https://yohomefix.com/plumber-benicia-faucet-repair,0,6,0%,45.33
https://yohomefix.com/plumber-prescott-leak-repair,0,6,0%,45.33
https://yohomefix.com/plumber-crystal-lake-sewer-line-repair,0,6,0%,46.33
https://yohomefix.com/plumber-statham-faucet-repair,0,6,0%,46.83
https://yohomefix.com/plumber-melrose-park-pipe-burst-repair,0,6,0%,47.5
https://yohomefix.com/plumber-hesperia-whole-house-repiping,0,6,0%,48
https://yohomefix.com/plumber-los-gatos-faucet-repair,0,6,0%,48
https://yohomefix.com/plumber-fairfield-water-heater-repair,0,6,0%,48.17
https://yohomefix.com/plumber-rancho-palos-verdes-water-softener-repair,0,6,0%,49.33
https://yohomefix.com/plumber-avon-in-whole-house-repiping,0,6,0%,50.5
https://yohomefix.com/plumber-northfield-ky-drain-cleaning,0,6,0%,51.33
https://yohomefix.com/plumber-parkland-drain-cleaning,0,6,0%,52.33
https://yohomefix.com/plumber-pomona-park-toilet-repair,0,6,0%,52.83
https://yohomefix.com/plumber-meeker-leak-repair,0,6,0%,53.17
https://yohomefix.com/plumber-pittsburg-ks-drain-cleaning,0,6,0%,54.33
https://yohomefix.com/plumber-punta-gorda-pipe-burst-repair,0,6,0%,55
https://yohomefix.com/plumber-eatonville-main-water-shutoff-valve-repair,0,6,0%,55.5
https://yohomefix.com/plumber-genoa-garbage-disposal-repair,0,6,0%,55.67
https://yohomefix.com/plumber-chandler-sewer-line-repair,0,6,0%,56.17
https://yohomefix.com/plumber-coats-ks-drain-cleaning,0,6,0%,56.5
https://yohomefix.com/plumber-glendora-drain-cleaning,0,6,0%,56.5
https://yohomefix.com/plumber-hagerstown-in-faucet-repair,0,6,0%,56.83
https://yohomefix.com/plumber-glendale-garbage-disposal-repair,0,6,0%,57.33
https://yohomefix.com/plumber-colfax-drain-cleaning,0,6,0%,57.5
https://yohomefix.com/plumber-augusta-ky-toilet-repair,0,6,0%,57.67
https://yohomefix.com/plumber-gainesville-ga-toilet-repair,0,6,0%,59
https://yohomefix.com/plumber-eureka-il-garbage-disposal-repair,0,6,0%,60.17
https://yohomefix.com/plumber-vallejo-water-heater-repair,0,6,0%,60.67
https://yohomefix.com/plumber-franklin-springs-water-line-repair,0,6,0%,61.17
https://yohomefix.com/plumber-baldwin-park-emergency,0,6,0%,62.17
https://yohomefix.com/plumber-rosedale-in-faucet-repair,0,6,0%,62.33
https://yohomefix.com/plumber-del-mar-toilet-repair,0,6,0%,62.5
https://yohomefix.com/plumber-broken-arrow-garbage-disposal-repair,0,6,0%,62.83
https://yohomefix.com/plumber-lincoln-water-heater-repair,0,6,0%,62.83
https://yohomefix.com/plumber-daytona-beach-whole-house-repiping,0,6,0%,63
https://yohomefix.com/plumber-gloucester-toilet-repair,0,6,0%,63.83
https://yohomefix.com/plumber-melbourne-village-faucet-repair,0,6,0%,64.67
https://yohomefix.com/plumber-kenner-water-line-repair,0,6,0%,65.17
https://yohomefix.com/plumber-sanibel-water-line-repair,0,6,0%,65.5
https://yohomefix.com/plumber-owasso-drain-cleaning,0,6,0%,65.83
https://yohomefix.com/plumber-niceville-leak-repair,0,6,0%,66
https://yohomefix.com/plumber-jenks-sump-pump-repair,0,6,0%,66.5
https://yohomefix.com/plumber-brea-toilet-repair,0,6,0%,67.5
https://yohomefix.com/plumber-foster-city-whole-house-repiping,0,6,0%,67.5
https://yohomefix.com/plumber-nashville-drain-cleaning,0,6,0%,67.67
https://yohomefix.com/plumber-lighthouse-point-water-softener-repair,0,6,0%,67.83
https://yohomefix.com/plumber-greenwood-leak-repair,0,6,0%,68.33
https://yohomefix.com/plumber-st-pete-beach-emergency,0,6,0%,68.83
https://yohomefix.com/plumber-daytona-beach-shores-main-water-shutoff-valve-repair,0,6,0%,69
https://yohomefix.com/plumber-la-habra-heights-water-line-repair,0,6,0%,69.33
https://yohomefix.com/plumber-newburyport-drain-cleaning,0,6,0%,69.83
https://yohomefix.com/plumber-santa-cruz-pipe-burst-repair,0,6,0%,70.17
https://yohomefix.com/plumber-foley-water-line-repair,0,6,0%,70.67
https://yohomefix.com/plumber-haviland-water-heater-repair,0,6,0%,70.83
https://yohomefix.com/plumber-irvine-water-line-repair,0,6,0%,71
https://yohomefix.com/plumber-barwick-emergency,0,6,0%,71.83
https://yohomefix.com/plumber-buckeye-faucet-repair,0,6,0%,71.83
https://yohomefix.com/plumber-berea-water-softener-repair,0,6,0%,72.33
https://yohomefix.com/plumber-birmingham-water-line-repair,0,6,0%,73.83
https://yohomefix.com/plumber-south-hutchinson-whole-house-repiping,0,6,0%,74.17
https://yohomefix.com/plumber-honolulu-water-heater-repair,0,6,0%,74.5
https://yohomefix.com/plumber-roopville-pipe-burst-repair,0,6,0%,75
https://yohomefix.com/plumber-ocala-water-softener-repair,0,6,0%,77.5
https://yohomefix.com/plumber-phoenix-faucet-repair,0,6,0%,79
https://yohomefix.com/plumber-arlington-il-whole-house-repiping,0,6,0%,79.17
https://yohomefix.com/plumber-carnesville-toilet-repair,0,6,0%,80
https://yohomefix.com/plumber-lake-village-leak-repair,0,6,0%,80.33
https://yohomefix.com/plumber-charlotte-water-heater-repair,0,6,0%,81.33
https://yohomefix.com/plumber-san-antonio-pipe-burst-repair,0,6,0%,81.5
https://yohomefix.com/plumber-mableton-water-line-repair,0,6,0%,81.67
https://yohomefix.com/plumber-dallas-sd-emergency,0,6,0%,82.67
https://yohomefix.com/plumber-union-city-ga-toilet-repair,0,6,0%,82.67
https://yohomefix.com/plumber-fairfax-ca-water-heater-repair,0,6,0%,83.17
https://yohomefix.com/plumber-altamonte-springs-water-softener-repair,0,6,0%,85.33
https://yohomefix.com/plumber-union-bridge-sump-pump-repair,0,6,0%,85.83
https://yohomefix.com/areas/las-vegas/89124/leak-repair,0,6,0%,86.67
https://yohomefix.com/plumber-griffithville-sewer-line-repair,0,6,0%,86.67
https://yohomefix.com/plumber-charlotte-sewer-line-repair,0,6,0%,87
https://yohomefix.com/plumber-westfield-toilet-repair,0,6,0%,88
https://yohomefix.com/plumber-la-crosse-ks-water-heater-repair,0,6,0%,89.5
https://yohomefix.com/plumber-portola-drain-cleaning,0,6,0%,90.83
https://yohomefix.com/plumber-newark-water-softener-repair,0,5,0%,2.4
https://yohomefix.com/plumber-parks-sewer-line-repair,0,5,0%,3.6
https://yohomefix.com/plumber-rutledge-emergency,0,5,0%,4
https://yohomefix.com/plumber-butler-emergency,0,5,0%,5.4
https://yohomefix.com/plumber-kentucky,0,5,0%,6.8
https://yohomefix.com/plumber-poteau-leak-repair,0,5,0%,8.2
https://yohomefix.com/sources,0,5,0%,8.4
https://yohomefix.com/plumber-webb-drain-cleaning,0,5,0%,9
https://yohomefix.com/plumber-manteno-pipe-burst-repair,0,5,0%,10.2
https://yohomefix.com/plumber-marshall-il-water-heater-repair,0,5,0%,11.6
https://yohomefix.com/plumber-lyons-co-water-heater-repair,0,5,0%,12.4
https://yohomefix.com/plumber-hazlehurst-water-heater-repair,0,5,0%,12.8
https://yohomefix.com/plumber-bernice-emergency,0,5,0%,13.6
https://yohomefix.com/plumber-niceville-whole-house-repiping,0,5,0%,14.4
https://yohomefix.com/plumber-monee-water-line-repair,0,5,0%,14.8
https://yohomefix.com/plumber-tarrytown-ga-water-heater-repair,0,5,0%,15
https://yohomefix.com/plumber-norwich-emergency,0,5,0%,16.4
https://yohomefix.com/plumber-shirley-in-water-heater-repair,0,5,0%,16.6
https://yohomefix.com/plumber-stockbridge-sewer-line-repair,0,5,0%,16.8
https://yohomefix.com/plumber-syracuse-in-sewer-line-repair,0,5,0%,17.2
https://yohomefix.com/plumber-south-haven-water-heater-repair,0,5,0%,17.4
https://yohomefix.com/plumber-bullhead-city-pipe-burst-repair,0,5,0%,17.8
https://yohomefix.com/plumber-eureka-ca-water-line-repair,0,5,0%,18
https://yohomefix.com/plumber-port-wentworth-sewer-line-repair,0,5,0%,18
https://yohomefix.com/plumber-grayson-water-heater-repair,0,5,0%,18.2
https://yohomefix.com/plumber-watkinsville-water-heater-repair,0,5,0%,18.4
https://yohomefix.com/plumber-fort-thomas-leak-repair,0,5,0%,19
https://yohomefix.com/plumber-brockton-water-heater-repair,0,5,0%,19.2
https://yohomefix.com/plumber-muncie-emergency,0,5,0%,20.2
https://yohomefix.com/plumber-albion-in-emergency,0,5,0%,20.6
https://yohomefix.com/plumber-lemont-garbage-disposal-repair,0,5,0%,20.6
https://yohomefix.com/plumber-riverside-toilet-repair,0,5,0%,21.8
https://yohomefix.com/plumber-ford-heights-sewer-line-repair,0,5,0%,22.2
https://yohomefix.com/plumber-nunn-drain-cleaning,0,5,0%,23
https://yohomefix.com/plumber-hastings-mn-emergency,0,5,0%,23.8
https://yohomefix.com/plumber-hinesville-water-heater-repair,0,5,0%,24
https://yohomefix.com/plumber-desert-hot-springs-sewer-line-repair,0,5,0%,24.4
https://yohomefix.com/plumber-jay-water-heater-repair,0,5,0%,25
https://yohomefix.com/plumber-danville-ky-sewer-line-repair,0,5,0%,25.2
https://yohomefix.com/plumber-farmersville-ca-water-heater-repair,0,5,0%,25.4
https://yohomefix.com/plumber-hodgkins-toilet-repair,0,5,0%,26
https://yohomefix.com/plumber-elwood-in-pipe-burst-repair,0,5,0%,26.2
https://yohomefix.com/plumber-grand-rapids-drain-cleaning,0,5,0%,26.2
https://yohomefix.com/plumber-sweetwater-fl-emergency,0,5,0%,26.6
https://yohomefix.com/plumber-oilton-sewer-line-repair,0,5,0%,26.8
https://yohomefix.com/plumber-north-little-rock-pipe-burst-repair,0,5,0%,27.8
https://yohomefix.com/plumber-west-siloam-springs-slab-leak-repair,0,5,0%,27.8
https://yohomefix.com/plumber-fox-river-grove-emergency,0,5,0%,28
https://yohomefix.com/plumber-brazil-toilet-repair,0,5,0%,28.2
https://yohomefix.com/plumber-eldorado-water-heater-repair,0,5,0%,28.8
https://yohomefix.com/plumber-pocola-faucet-repair,0,5,0%,28.8
https://yohomefix.com/areas/murray/84107/emergency,0,5,0%,29
https://yohomefix.com/plumber-stuart-faucet-repair,0,5,0%,29.6
https://yohomefix.com/plumber-ca-on-city-drain-cleaning,0,5,0%,29.8
https://yohomefix.com/plumber-hutchinson-emergency,0,5,0%,29.8
https://yohomefix.com/plumber-jackson-ga-drain-cleaning,0,5,0%,30.6
https://yohomefix.com/plumber-lake-wales-water-heater-repair,0,5,0%,30.6
https://yohomefix.com/plumber-danville-il-water-softener-repair,0,5,0%,31.8
https://yohomefix.com/plumber-herrin-pipe-burst-repair,0,5,0%,31.8
https://yohomefix.com/plumber-elmhurst-pipe-burst-repair,0,5,0%,33
https://yohomefix.com/plumber-chesterton-slab-leak-repair,0,5,0%,34
https://yohomefix.com/plumber-herrin-whole-house-repiping,0,5,0%,34.4
https://yohomefix.com/plumber-fayetteville-ga-whole-house-repiping,0,5,0%,36.6
https://yohomefix.com/plumber-corpus-christi-toilet-repair,0,5,0%,37
https://yohomefix.com/plumber-pelham-ga-drain-cleaning,0,5,0%,37.8
https://yohomefix.com/plumber-glencoe-ky-emergency,0,5,0%,38
https://yohomefix.com/plumber-van-buren-main-water-shutoff-valve-repair,0,5,0%,38
https://yohomefix.com/plumber-fulton-ky-water-heater-repair,0,5,0%,38.4
https://yohomefix.com/plumber-brooksville-water-heater-repair,0,5,0%,39.4
https://yohomefix.com/plumber-wallace-ks-emergency,0,5,0%,39.4
https://yohomefix.com/areas/north-las-vegas/89086/emergency,0,5,0%,40
https://yohomefix.com/plumber-kane-il-faucet-repair,0,5,0%,40
https://yohomefix.com/plumber-glennville-drain-cleaning,0,5,0%,40.6
https://yohomefix.com/plumber-erlanger-drain-cleaning,0,5,0%,41
https://yohomefix.com/plumber-auburn-ks-emergency,0,5,0%,42
https://yohomefix.com/plumber-barrington-hills-emergency,0,5,0%,42
https://yohomefix.com/plumber-bakersfield-toilet-repair,0,5,0%,42.4
https://yohomefix.com/plumber-chaska-water-heater-repair,0,5,0%,44.2
https://yohomefix.com/plumber-leominster-toilet-repair,0,5,0%,44.4
https://yohomefix.com/plumber-paradise-valley-leak-repair,0,5,0%,45
https://yohomefix.com/plumber-prescott-valley-drain-cleaning,0,5,0%,45.2
https://yohomefix.com/plumber-des-plaines-toilet-repair,0,5,0%,45.6
https://yohomefix.com/areas/las-vegas/89131/leak-repair,0,5,0%,48.4
https://yohomefix.com/plumber-hawthorn-woods-faucet-repair,0,5,0%,48.4
https://yohomefix.com/plumber-leawood-water-softener-repair,0,5,0%,50.2
https://yohomefix.com/plumber-meridian-id-pipe-burst-repair,0,5,0%,50.6